id;UTM;Y;X;Departamento;Distrito;Localidad;Proyecto;Programa;Cantidad de Viviendas;Empresa;Dato de contacto - Empresa;SAT - Servicio de Asistencia Técnica;Dato de contacto - SAT;EAT - Equipo de Asistencia Técnica;Dato de contacto - EAT;Estado de Obra;Porcentaje de avance;Licitación Nº;Contrato N°;Origen del terreno;Calificación provisional;Fecha de inicio de obra;Fecha de entrega de obra;Observaciones
1;21J;7172287;734818;Alto Paraná;Presidente Franco;;Asentamiento Oñondivepá;FOCEM;98;CONSORCIO KRIMEA ;Ing. Daniel Umza;No corresponde;;No corresponde;;En ejecución;85,25%;001/11;001/12;Municipal;;4/1/13;;
2;21K;7503919;627800;Amambay;Pedro Juan Caballero;Colonia Vice Pdte. Sánchez;Asentamientos Virgen de los Pobres, Pu'a Pyahu y Santa Ana;FOCEM;116;MM S.A.;Ing. Jorge Moreno;No corresponde;;No corresponde;;En ejecución;70,40%;001/11;002/12;Gobernación;;9/1/13;25/11/2014(conforme última prórroga);
3;21J;6982279;604841;Itapúa;Encarnación;;Barrio Santo Domingo;FOCEM;185;M&T S.A.;Arq. Julio Mendoza - Arq. Luis Daguerre;No corresponde;;No corresponde;;Paralizado;0,05%;001/11;003/12;SENAVITAT;;6/5/13;;
4;21J;7201597;432944;Capital;Asunción;Asunción;Capitán Bozzano;Vy'a Renda;101;Consorcio Yhaguy;;No corresponde;;No corresponde;;En ejecución;En ejecución;;;;;A definir según contrato;A definir según contrato;
5;21J;7226538;443170;Presidente Hayes;Villa Hayes;Villa Hayes;Rosa Mística;Vy'a Renda;240;EQUIPAC (Lote 1 - Viviendas) y FENAR (Lote 2 - Infraestructura);EQUIPAC: Lic. Edgar Villalba. FENAR: Lic. Nery Rumich;No corresponde;;No corresponde;;En ejecución;En ejecución;002/14;026/14 y 027/14;Municipal;;10/10/14;A definir según contrato;
6;21J;7145228;557242;Guairá;Villarrica;Villarrica;Villarrica;Viviendas Económicas;100;Nicolás Amarilla Díaz;;No corresponde;;No corresponde;;En licitación;En licitación;07/14;En licitación;;;A definir según contrato;A definir según contrato;Obra paralizada a ser reactivada mediante esta licitación.
7;21J;7173540;470706;Paraguarí;Yaguarón;Yaguarón;Mbaritu;Viviendas Económicas;75;En proceso licitatorio;;No corresponde;;No corresponde;;En licitación;En licitación;03/14;En licitación;;;A definir según contrato;A definir según contrato;Obra paralizada a ser reactivada mediante esta licitación.
8;21K;7530076;545957;Amambay;Bella Vista;;Nueva Esperanza;Sembrando Oportunidades;80;En proceso licitatorio;;No corresponde;;No corresponde;;En licitación;En licitación;08/2014;En licitación;INDERT;;A definir según contrato;A definir según contrato;
9;21K;7502846;604789;Amambay;Pedro Juan Caballero;;María Auxiliadora;Sembrando Oportunidades;40;En proceso licitatorio;;No corresponde;;No corresponde;;En licitación;En licitación;08/2014;En licitación;INDERT;;A definir según contrato;A definir según contrato;
10;21K;7501391;588205;Amambay;Pedro Juan Caballero;;Santa Clara;Sembrando Oportunidades;100;En proceso licitatorio;;No corresponde;;No corresponde;;En licitación;En licitación;08/2014;En licitación;INDERT;;A definir según contrato;A definir según contrato;
11;21K;7534038;512987;Concepción;Sargento José Félix López;;Norte Pyahu;Sembrando Oportunidades;130;En proceso licitatorio;;No corresponde;;No corresponde;;En licitación;En licitación;08/2014;En licitación;INDERT;;A definir según contrato;A definir según contrato;
12;21K;7412324;538095;Concepción;Azotey;;Curuzú de Hierro;Sembrando Oportunidades;280;En proceso licitatorio;;No corresponde;;No corresponde;;En licitación;En licitación;08/2014;En licitación;INDERT;;A definir según contrato;A definir según contrato;
13;21K;7430293;530716;Concepción;Horqueta;;Arroyito;Sembrando Oportunidades;300;En proceso licitatorio;;No corresponde;;No corresponde;;En licitación;En licitación;08/2014;En licitación;INDERT;;A definir según contrato;A definir según contrato;
14;21K;7422902;514360;Concepción;Horqueta;;Alemán Cué (Oro Verde);Sembrando Oportunidades;80;En proceso licitatorio;;No corresponde;;No corresponde;;En licitación;En licitación;08/2014;En licitación;INDERT;;A definir según contrato;A definir según contrato;
15;21J;7338585;623275;Canindeyú;Villa Ygatymi;;Marqueti (Ko´e Porá);Sembrando Oportunidades;160;En proceso licitatorio;;No corresponde;;No corresponde;;En licitación;En licitación;08/2014;En licitación;INDERT;;A definir según contrato;A definir según contrato;
16;21J;7328316;594613;Canindeyú;Curuguaty;;Maracana;Sembrando Oportunidades;130;En proceso licitatorio;;No corresponde;;No corresponde;;En licitación;En licitación;08/2014;En licitación;INDERT;;A definir según contrato;A definir según contrato;
17;21J;7087908;532229;Caazapá;Bertoni;;Maria Auxiliadora;Sembrando Oportunidades;117;En proceso licitatorio;;No corresponde;;No corresponde;;En licitación;En licitación;08/2014;En licitación;INDERT;;A definir según contrato;A definir según contrato;
18;21J;7096157;639903;Caazapá;Tavai;;7 de Diciembre;Sembrando Oportunidades;160;En proceso licitatorio;;No corresponde;;No corresponde;;En licitación;En licitación;08/2014;En licitación;INDERT;;A definir según contrato;A definir según contrato;
19;21J;7045304;523799;Misiones;Santa Rosa;;Ka'atygue;Sembrando Oportunidades;63;En proceso licitatorio;;No corresponde;;No corresponde;;En licitación;En licitación;08/2014;En licitación;INDERT;;A definir según contrato;A definir según contrato;
20;21J;7260959;623679;Caaguazú;Yhú; ;Sidepar 7000 (Col. Nueva Esperanza);Sembrando Oportunidades;200;En proceso licitatorio;;No corresponde;;No corresponde;;En licitación;En licitación;08/2014;En licitación;INDERT;;A definir según contrato;A definir según contrato;
21;21J;7082747;715076;Itapúa;Carlos A. López;;Santa Isabel;Sembrando Oportunidades;80;En proceso licitatorio;;No corresponde;;No corresponde;;En licitación;En licitación;08/2014;En licitación;INDERT;;A definir según contrato;A definir según contrato;
22;21J;7042417;695754;Itapúa;Yatytay;;San Gerónimo;Sembrando Oportunidades;70;En proceso licitatorio;;No corresponde;;No corresponde;;En licitación;En licitación;08/2014;En licitación;INDERT;;A definir según contrato;A definir según contrato;
23;21J;7336813;498680;San Pedro;San Pedro del Ycuamandyju;;Liz Expedita (Tape Ka'aguy);Sembrando Oportunidades;100;En proceso licitatorio;;No corresponde;;No corresponde;;En licitación;En licitación;08/2014;En licitación;INDERT;;A definir según contrato;A definir según contrato;
24;21K;7352839;536633;San Pedro;Lima;;Paso Tuna;Sembrando Oportunidades;140;En proceso licitatorio;;No corresponde;;No corresponde;;En licitación;En licitación;08/2014;En licitación;INDERT;;A definir según contrato;A definir según contrato;
25;21K;7368634;594467;San Pedro;Santa Rosa del Aguaray;;Yaguarete Forest;Sembrando Oportunidades;400;En proceso licitatorio;;No corresponde;;No corresponde;;En licitación;En licitación;08/2014;En licitación;INDERT;;A definir según contrato;A definir según contrato;
26;21K;7399373;520716;San Pedro;Tacuatí;;Tacuati Poty;Sembrando Oportunidades;160;En proceso licitatorio;;No corresponde;;No corresponde;;En licitación;En licitación;08/2014;En licitación;INDERT;;A definir según contrato;A definir según contrato;
27;21J;7155651;612611;Guairá;Paso Yobai;;Silvera Cué;Sembrando Oportunidades;80;En proceso licitatorio;;No corresponde;;No corresponde;;En licitación;En licitación;08/2014;En licitación;INDERT;;A definir según contrato;A definir según contrato;
28;21J;7159892;672614;Alto Paraná;San Cristóbal;;1º de Mayo del Guembety;Sembrando Oportunidades;160;En proceso licitatorio;;No corresponde;;No corresponde;;En licitación;En licitación;08/2014;En licitación;INDERT;;A definir según contrato;A definir según contrato;
29;21J;7318716;573139;San Pedro;Liberación;;Arroyo Morotí;Sembrando Oportunidades;240;En proceso licitatorio;;No corresponde;;No corresponde;;En licitación;En licitación;001/14;En licitación;INDERT;;A definir según contrato;A definir según contrato;
30;21J;7310541;551772;San Pedro;Guayaibí;;Toro Pirú II;Sembrando Oportunidades;160;En proceso licitatorio;;No corresponde;;No corresponde;;En licitación;En licitación;001/14;En licitación;INDERT;;A definir según contrato;A definir según contrato;
31;21J;7288861;582315;San Pedro;Yrybucuá;;Vy`a Renda;Sembrando Oportunidades;160;En proceso licitatorio;;No corresponde;;No corresponde;;En licitación;En licitación;001/14;En licitación;INDERT;;A definir según contrato;A definir según contrato;
32;21J;7286260;575990;San Pedro;Yrybucuá;;Aleman Cué;Sembrando Oportunidades;110;En proceso licitatorio;;No corresponde;;No corresponde;;En licitación;En licitación;001/14;En licitación;INDERT;;A definir según contrato;A definir según contrato;
33;21J;7311575;675575;Canindeyú;Ybypytá;;Britez Cué (Ybyrarobana);Sembrando Oportunidades;200;En proceso licitatorio;;No corresponde;;No corresponde;;En licitación;En licitación;001/14;En licitación;INDERT;;A definir según contrato;A definir según contrato;
34;21J;7278481;621079;Canindeyú;Yasy Kañy;;Ex Acepar (Colonia San Juan);Sembrando Oportunidades;180;En proceso licitatorio;;No corresponde;;No corresponde;;En licitación;En licitación;001/14;En licitación;INDERT;;A definir según contrato;A definir según contrato;
35;21J;7275443;629109;Canindeyú;Curuguaty;;Araujo Cué (Col. Santa Rosa mí);Sembrando Oportunidades;200;En proceso licitatorio;;No corresponde;;No corresponde;;En licitación;En licitación;001/14;En licitación;INDERT;;A definir según contrato;A definir según contrato;
36;21J;7222145;568544;Caaguazú;Cecilio Báez;;San Agustin (Simon Bolivar);Sembrando Oportunidades;130;En proceso licitatorio;;No corresponde;;No corresponde;;En licitación;En licitación;001/14;En licitación;INDERT;;A definir según contrato;A definir según contrato;
37;21J;7218747;694218;Alto Paraná;Ytakyry;;Acaray Costa;Sembrando Oportunidades;130;En proceso licitatorio;;No corresponde;;No corresponde;;En licitación;En licitación;001/14;En licitación;INDERT;;A definir según contrato;A definir según contrato;
38;21J;7252459;720149;Alto Paraná;Minga Porá;;Vy´a Renda (Lote 9);Sembrando Oportunidades;140;En proceso licitatorio;;No corresponde;;No corresponde;;En licitación;En licitación;001/14;En licitación;INDERT;;A definir según contrato;A definir según contrato;
39;21J;7166084;711936;Alto Paraná;Minga Guazú;;21 de setiembre;Sembrando Oportunidades;100;En proceso licitatorio;;No corresponde;;No corresponde;;En licitación;En licitación;001/14;En licitación;INDERT;;A definir según contrato;A definir según contrato;
40;21J;7157186;707584;Alto Paraná;Tavapy;;Tavapy II;Sembrando Oportunidades;230;En proceso licitatorio;;No corresponde;;No corresponde;;En licitación;En licitación;001/14;En licitación;INDERT;;A definir según contrato;A definir según contrato;
41;21J;7263209;597611;San Pedro;Capiibary;;Asentamiento 1° de Marzo;Che Tapýi;102;Ing. Roberto Chávez;Tel.: 0521 203 629 - 0521 203 496 - ingrobertochavezayala@gmail.com;No corresponde;;No corresponde;;En ejecución;41,01%;001/14;001/2014;SAS;;30/7/14;;
42;21J;7327116;736318;Canindeyú;Gral. Francisco Caballero Álvarez;;Asentamiento Juan Pablo II;Che Tapýi;135;M y M Ingeniería;Tel.: 021 227 982 - luisfermelg@gmail.com - vaca.solis@hotmail.com;No corresponde;;No corresponde;;En ejecución;43,11%;001/14;003/2014;SAS;;30/7/14;;
43;21J;7417163;493308;Concepción;Horqueta;;Asentamientos María Auxiliadora Bases II y IV;Che Tapýi;110;ICSA Iniciativas Constructivas S.A.;Tel.: 021 331 383 - iniciativas_sa@hotmail.com - celso_moreno@hotmail.com;No corresponde;;No corresponde;;En ejecución;67,39%;001/14;001/2014;SAS;;29/7/14;;
44;21J;7413904;455497;Concepción;Concepción;;Asentamiento Niño Salvador del Mundo;Che Tapýi;81;Puntal Construcciones;Tel.: 021 290 225 - 021 281 665 - puntalconstrucciones@hotmail.com;No corresponde;;No corresponde;;En ejecución;44,89%;001/14;001/2014;SAS;;30/7/14;;
45;21J;7110538;665421;Caazapá;San Juan Nepomuceno;;Asentamiento Tava Joajú Renda;Che Tapýi;107;Ing. Alejandro R. Pérez Heras;Tel.: 021 214 215/16 - aleperher@tigo.com.py;No corresponde;;No corresponde;;En ejecución;56,53%;001/14;006/2014;SAS;;29/7/14;;
46;21J;7006235;637326;Itapúa;Obligado;;Asentamiento Milagros I;Che Tapýi;80;Ing. Jorge Díaz Lavigne;Tel.: 021 675 475 - jorgediaz.py@hotmail.es;No corresponde;;No corresponde;;En ejecución;50,66%;001/14;007/2014;SAS;;29/7/14;;
47;21J;6973208;617868;Itapúa;Cambyretá;;Asentamiento Nuevo Amanecer III;Che Tapýi;141;Corporación Constructiva S.R.L;;No corresponde;;No corresponde;;En ejecución;0%;001/14;;;;;;
48;21J;7151472;519091;Paraguarí;Ybytymí;;Ybytymí;Che Tapýi;70;Arq. Celso Moreno;Tel.: 021 303 261 - celso_moreno@hotmail.com;No corresponde;;No corresponde;;En ejecución;38,89%;001/14;009/2014;Municipal;;29/7/14;;
49;21J;7032324;401480;Ñeembucú;Tacuaras;;Tacuaras;Che Tapýi;70;Alfa y Omega S.A;Tel.: 021 504 416 - gustavomodesto.m@hotmail.com;No corresponde;;No corresponde;;En ejecución;65,17%;001/14;001/2014;Municipal;;8/8/14;;
50;20K;7471319;793300;Boquerón;Mariscal Estigarribia;;Comunidad Indígena Campo Alegre - etnia Nivaclé;Che Tapýi;150;Arquitectónica S.R.L.;Tel.: 021 213 059 - 021 224 951 - contacto@arquitectonica.com.py;No corresponde;;No corresponde;;En ejecución;58,87%;001/14;011/2014;INDERT;;30/7/14;;
51;21K;7496057;202583;Boquerón;Loma Plata;;Comunidad Indígena Nazareth (Yalve Sanga) etnia Enlhet - Lengua;Che Tapýi;150;Ing. Fernando Moreno;Tel.: 021 301 817 - 021 300 679 - morenoconstructora@gmail.com;No corresponde;;No corresponde;;En ejecución;53,66%;001/14;001/2014;INDERT;;29/7/14;;
52;21J;7211447;446301;Central;Mariano Roque Alonso;Mariano Roque Alonso;Construccion de 5 bloques de 8 Departamentos cada uno;Viviendas Económicas;40;En proceso licitatorio;;No corresponde;;No corresponde;;En licitación;En licitación;09/14;En licitación;Terreno ofertado por la empresa constructora;;A definir según contrato;A definir según contrato;Coordenada corresponde al centro del distrito. La localización de las obras aún no se tienen definidas.
53;21J;7205066;450942;Central;Luque  ;Luque  ;Construccion de 3 bloques de 8 Departamentos cada uno;Viviendas Económicas;24;En proceso licitatorio;;No corresponde;;No corresponde;;En licitación;En licitación;09/14;En licitación;Terreno ofertado por la empresa constructora;;A definir según contrato;A definir según contrato;Coordenada corresponde al centro del distrito. La localización de las obras aún no se tienen definidas.
54;21J;7197308;447664;Central;San Lorenzo;San Lorenzo;Construccion de 3 bloques de 8 Departamentos cada uno;Viviendas Económicas;24;En proceso licitatorio;;No corresponde;;No corresponde;;En licitación;En licitación;09/14;En licitación;Terreno ofertado por la empresa constructora;;A definir según contrato;A definir según contrato;Coordenada corresponde al centro del distrito. La localización de las obras aún no se tienen definidas.
55;21J;7199491;445703;Central;Fernando de la Mora;Fernando de la Mora;Construccion de 3 bloques de 8 Departamentos cada uno;Viviendas Económicas;24;En proceso licitatorio;;No corresponde;;No corresponde;;En licitación;En licitación;09/14;En licitación;Terreno ofertado por la empresa constructora;;A definir según contrato;A definir según contrato;Coordenada corresponde al centro del distrito. La localización de las obras aún no se tienen definidas.
56;21J;7192582;440921;Central;Villa Elisa;Villa Elisa;Construccion de 3 bloques de 8 Departamentos cada uno;Viviendas Económicas;24;En proceso licitatorio;;No corresponde;;No corresponde;;En licitación;En licitación;09/14;En licitación;Terreno ofertado por la empresa constructora;;A definir según contrato;A definir según contrato;Coordenada corresponde al centro del distrito. La localización de las obras aún no se tienen definidas.
57;21J;7196617;438581;Central;Lambaré;Lambaré;Construccion de 3 bloques de 8 Departamentos cada uno;Viviendas Económicas;24;En proceso licitatorio;;No corresponde;;No corresponde;;En licitación;En licitación;09/14;En licitación;Terreno ofertado por la empresa constructora;;A definir según contrato;A definir según contrato;Coordenada corresponde al centro del distrito. La localización de las obras aún no se tienen definidas.
58;21J;7175693;739529;Alto Paraná;Ciudad del Este;Ciudad del Este;Construccion de 3 bloques de 8 Departamentos cada uno;Viviendas Económicas;24;En proceso licitatorio;;No corresponde;;No corresponde;;En licitación;En licitación;09/14;En licitación;Terreno ofertado por la empresa constructora;;A definir según contrato;A definir según contrato;Coordenada corresponde al centro del distrito. La localización de las obras aún no se tienen definidas.
59;21J;7336166;773137;Canindeyú;Salto del Guairá;Salto del Guairá;Construccion de 3 bloques de 8 Departamentos cada uno;Viviendas Económicas;24;En proceso licitatorio;;No corresponde;;No corresponde;;En licitación;En licitación;09/14;En licitación;Terreno ofertado por la empresa constructora;;A definir según contrato;A definir según contrato;Coordenada corresponde al centro del distrito. La localización de las obras aún no se tienen definidas.
60;21J;6985154;607551;Itapúa;Encarnación;Encarnación;Construccion de 3 bloques de 8 Departamentos cada uno;Viviendas Económicas;24;En proceso licitatorio;;No corresponde;;No corresponde;;En licitación;En licitación;09/14;En licitación;Terreno ofertado por la empresa constructora;;A definir según contrato;A definir según contrato;Coordenada corresponde al centro del distrito. La localización de las obras aún no se tienen definidas.
61;21J;7188800;555312;Caaguazú;Coronel Oviedo;Coronel Oviedo;Construccion de 3 bloques de 8 Departamentos cada uno;Viviendas Económicas;24;En proceso licitatorio;;No corresponde;;No corresponde;;En licitación;En licitación;09/14;En licitación;Terreno ofertado por la empresa constructora;;A definir según contrato;A definir según contrato;Coordenada corresponde al centro del distrito. La localización de las obras aún no se tienen definidas.
62;21J;7193856;485461;Cordillera;Caacupé;Isla Guazú;Cooperativa Reina de la Cordillera;FONCOOP;30;No corresponde;;No corresponde;;COTAS;Lic. Eugenia Vergara;Culminada;100%;No corresponde;;;;Mayo del 2011;;
63;21J;7207065;449652;Central;Luque;Zona Aeropuerto;Cooperativa Exsanjose Ltda.;FONCOOP;40;No corresponde;;No corresponde;;COTAS;Lic. Eugenia Vergara;En ejecución;85%;No corresponde;;;;Mayo del 2011;;
64;21J;7216249;452847;Central;Limpio;;Cooperativa Tava Rory Ltda. (Covitava I);FONCOOP;40;No corresponde;;No corresponde;;COTAS;Lic. Eugenia Vergara;Culminada;100%;No corresponde;;;;Marzo del 2011;;
65;21J;7185854;454561;Central;J. A. Saldívar;;Cooperativa Toledo Cañada I;FONCOOP;40;No corresponde;;No corresponde;;J.L CONSTRUCCIONES;Ing. Lahe;Culminada;100%;No corresponde;;;;Marzo del 2012;;
66;21J;7210839;451566;Central;Luque;;COOSOFAM;FONCOOP;30;No corresponde;;No corresponde;;COOPERATES;Sonia  Gutierrez;Culminada;90%;No corresponde;;;;Marzo del 2012;;
67;21J;7190829;456249;Central;Capiatá;;Coop. Ñapua Hagua Ltda.;FONCOOP;38;No corresponde;;No corresponde;;AREA ;Arq. Hugo Acevedo;Culminada;100%;No corresponde;;;;Agosto del 2012;;
68;21J;7183986;448622;Central;Ypané;;Coop. Mi Casita;FONCOOP;40;No corresponde;;No corresponde;;AREA ;Arq. Hugo Acevedo;Culminada;100%;No corresponde;;;;Setiembre del 2012;;
69;21J;7051194;487275;Misiones;San Juan Bautista;;Coop. San Juan Bautista;FONCOOP;40;No corresponde;;No corresponde;;COOPERATES;Sonia  Gutierrez;En ejecución;50%;No corresponde;;;;Marzo del 2012;;
70;21J;7183596;463372;Central;J. A. Saldívar;;Coop. 8 De Marzo;FONCOOP;40;No corresponde;;No corresponde;;J.L CONSTRUCCIONES;Ing. Lahe;Culminada;100%;No corresponde;;;;Diciembre del 2012;;
71;21J;7214283;446372;Central;Mariano Roque Alonso;;Coop. Santa Bárbara;FONCOOP;30;No corresponde;;No corresponde;;COTAS;Lic. Eugenia Vergara;En ejecución;;No corresponde;;;;Agosto del 2012;;
72;21J;7212548;452659;Central;Limpio;;Coovidi Ltda.;FONCOOP;24;No corresponde;;No corresponde;;Ilse Coronel;Arq. Ilse Cronel;Culminada;90%;No corresponde;;;;Mayo del 2013;;
73;21J;7183691;452364;Central;Ypané;;Coop. Nuestra Señora Lujan;FONCOOP;40;No corresponde;;No corresponde;;COTAS;Lic. Eugenia Vergara;En ejecución;35%;No corresponde;;;;Abril del 2014;;
74;21J;7216249;452847;Central;Limpio;;Cooperativa Tava Rory Ltda. (Covitava II);FONCOOP;35;No corresponde;;No corresponde;;COTAS;Lic. Eugenia Vergara;En ejecución;45%;No corresponde;;;;Enero del 2014;;
75;21J;7000054;391207;Ñeembucú;Desmochado;;Coop. Desmochado Ltda.;FONCOOP;20;No corresponde;;No corresponde;;Arq. Osvaldo Granada;Arq. Osvaldo Granada;En ejecución;35%;No corresponde;;;;Marzo del 2014;;
77;21J;7209230;453121;Central;Luque;Itapuami;Coop. 8 De Marzo;FONCOOP;40;No corresponde;;No corresponde;;Óscar Barboza;Óscar Barboza ;En ejecución;;No corresponde;;;;no desembolsado hasta ahora;;
84;21K;7670976;409330;Alto Paraguay;Fuerte Olimpo;;Santa Teresita;Pueblos Originarios;20;Ing. Lucio Cabañas;Teléfono: 511-466 Veteranos de la Guerra del Chaco 472 c/ Araucanos;No corresponde;;No corresponde;;Paralizado;0,00%;011/11;;;;;;
85;21K;7758976;378545;Alto Paraguay;Bahía Negra;Puerto Diana;Puerto Diana;Pueblos Originarios;20;J.R. Constructora;Representante: Arq. Juan Rodríguez Lezcano. Asunción, Paraguay, Pitiantuta entre Amistad y Concordia. ;No corresponde;;No corresponde;;Paralizado;10,00%;003/11;;;;;;
86;21K;7752436;384143;Alto Paraguay;Bahía Negra;Puerto Helena;Puerto Helena;Pueblos Originarios;10;J.R. Constructora;Representante: Arq. Juan Rodríguez Lezcano. Asunción, Paraguay, Pitiantuta entre Amistad y Concordia. ;No corresponde;;No corresponde;;Paralizado;10,00%;003/11;;;;;;
87;21K;7773095;377113;Alto Paraguay;Bahía Negra;Puerto Caballo;Puerto Caballo;Pueblos Originarios;16;J.R. Constructora;Representante: Arq. Juan Rodríguez Lezcano. Asunción, Paraguay, Pitiantuta entre Amistad y Concordia. ;No corresponde;;No corresponde;;Paralizado;0,00%;003/11;;;;;;
88;21K;7497906;211537;Boquerón;Tte.1º Manuel Irala Fernandez;Jerico;Jerico;Pueblos Originarios;30;J.R. Constructora;Representante: Arq. Juan Rodríguez Lezcano. Asunción, Paraguay, Pitiantuta entre Amistad y Concordia. ;No corresponde;;No corresponde;;Paralizado;95,00%;003/11;;;;;;
89;20K;7561286;749509;Boquerón;Mariscal Estigarribia;;Santa Teresita - Mcal.Estigarribia;Pueblos Originarios;20;J.R. Constructora;Representante: Arq. Juan Rodríguez Lezcano. Asunción, Paraguay, Pitiantuta entre Amistad y Concordia. ;No corresponde;;No corresponde;;Paralizado;95,00%;003/11;;;;;;
90;21J;7218631;594304;Caaguazú;San Joaquín;;Monday mi - San Joaquin;Pueblos Originarios;42;Consorcio Pro Hogar;Representante: Sr. Oscar G. Martinez. Asuncion, Paraguay, RI 2 de Mayo casi Mariscal Lopez.;No corresponde;;No corresponde;;Paralizado;18,00%;002/13;;;;;;
91;21J;7205807;595353;Caaguazú;San Martin;;San Martin;Pueblos Originarios;10;Consorcio Pro Hogar;Representante: Sr. Oscar G. Martinez. Asuncion, Paraguay, RI 2 de Mayo casi Mariscal Lopez.;No corresponde;;No corresponde;;Paralizado;76,71%;003/11;;;;;;
92;21J;7182545;643396;Caaguazú;Nueva Espéranza;;Nueva Esperanza;Pueblos Originarios;11;Consorcio Pro Hogar;Representante: Sr. Oscar G. Martinez. Asuncion, Paraguay, RI 2 de Mayo casi Mariscal Lopez.;No corresponde;;No corresponde;;Paralizado;76,71%;003/11;;;;;;
93;21J;7263674;619161;Caaguazú;Alikakue;;Alikakue;Pueblos Originarios;20;Consorcio Pro Hogar;Representante: Sr. Oscar G. Martinez. Asuncion, Paraguay, RI 2 de Mayo casi Mariscal Lopez.;No corresponde;;No corresponde;;Paralizado;76,71%;003/11;;;;;;
94;21J;7217492;595180;Caaguazú;Caaguazu;;Tekojoja Pora - Campito;Pueblos Originarios;18;Consorcio Pro Hogar;Representante: Sr. Oscar G. Martinez. Asuncion, Paraguay, RI 2 de Mayo casi Mariscal Lopez.;No corresponde;;No corresponde;;Paralizado;76,71%;003/11;;;;;;
95;21J;7182545;643396;Caaguazú;Dr. J. Eulogio Estigarribia;;Nueva Esperanza;Pueblos Originarios;12;ELEMEC S.R.L.;Representante. Ing. Silvio Domiguez Morales. Lambare, Paraguay, Rio Ñucunday 3625 casi Tte. T  Yegros;No corresponde;;No corresponde;;Paralizado;55,00%;011/11;;;;;;
96;21J;7191194;599996;Caaguazú;Caaguazu;;Joyvi-Caaguazu;Pueblos Originarios;25;VIGA CONSTRUCCIONES;;No corresponde;;No corresponde;;Paralizado;15,00%;009/12;;;;;;
97;21J;7130091;621417;Caazapá;Caazapá;;Tekojoja puahu - Cesina;Pueblos Originarios;18;Consorcio Pro Hogar;Representante: Sr. Oscar G. Martinez. Asuncion, Paraguay, RI 2 de Mayo casi Mariscal Lopez.;No corresponde;;No corresponde;;Paralizado;82,61%;003/11;;;;;;
98;21J;7130091;621417;Caazapá;Caazapá;;Tekoyoya Pyahu - Cesina;Pueblos Originarios;14;ELEMEC S.R.L.;Representante: Ing. Silvio Domiguez Morales. Lambare, Paraguay, Rio Ñucunday 3625 casi Tte. T  Yegros;No corresponde;;No corresponde;;Paralizado;73,00%;011/11;;;;;;
99;21J;7128219;613325;Caazapá;Abaí;;Cerrito-Abai;Pueblos Originarios;20;GER.COM;Representante. Esteban Gerconpan Gomez, Ita, Paraguay, Aveiro N°1963 casi Francisco Solano Lopez;No corresponde;;No corresponde;;En ejecución;47,00%;015/12;;;;;;
100;21J;7316598;634939;Canindeyú;Curuguaty;;Paso Real;Pueblos Originarios;18;Consorcio Pro Hogar;Representante: Sr. Oscar G. Martinez. Asuncion, Paraguay, RI 2 de Mayo casi Mariscal Lopez.;No corresponde;;No corresponde;;Paralizado;82,61%;003/11;;;;;;
101;21J;7316775;675771;Canindeyú;Corpus Christi;;Koe Puahu Poty (Brítez cué);Pueblos Originarios;7;ELEMEC S.R.L.;Representante: Ing. Silvio Domiguez Morales. Lambare, Paraguay, Rio Ñucunday 3625 casi Tte. T  Yegros;No corresponde;;No corresponde;;Paralizado;40,00%;011/11;;;;;;
102;21J;7316775;675771;Canindeyú;Curuguaty;;Koe Puahu;Pueblos Originarios;17;ELEMEC S.R.L.;Representante: Ing. Silvio Domiguez Morales. Lambare, Paraguay, Rio Ñucunday 3625 casi Tte. T  Yegros;No corresponde;;No corresponde;;Paralizado;45,00%;011/11;;;;;;
103;21J;7299937;628409;Canindeyú;Curuguaty;;La Fortuna 12 de Junio - Lote 6;Pueblos Originarios;15;GER.COM;Representante: Esteban Gerconpan Gomez, Ita, Paraguay, Aveiro N°1963 casi Francisco Solano Lopez;No corresponde;;No corresponde;;En ejecución;40,00%;015/12;;;;;;
104;21J;7298076;631075;Canindeyú;Curuguaty;;La Fortuna B° Cordillera - Lote 5;Pueblos Originarios;20;GER.COM;Representante: Esteban Gerconpan Gomez, Ita, Paraguay, Aveiro N°1963 casi Francisco Solano Lopez;No corresponde;;No corresponde;;En ejecución;45,00%;015/12;;;;;;
105;21J;7302200;641075;Canindeyú;Curuguaty;;Yhovy;Pueblos Originarios;6;GER.COM;Representante: Esteban Gerconpan Gomez, Ita, Paraguay, Aveiro N°1963 casi Francisco Solano Lopez;No corresponde;;No corresponde;;En ejecución;45,00%;015/12;;;;;;
106;21J;7308152;641719;Canindeyú;Curuguaty;;Primero de Marzo;Pueblos Originarios;12;GER.COM;Representante: Esteban Gerconpan Gomez, Ita, Paraguay, Aveiro N°1963 casi Francisco Solano Lopez;No corresponde;;No corresponde;;En ejecución;45,00%;015/12;;;;;;
107;21J;7284256;624665;Canindeyú;Yasy Kañy;;Tekojoja;Pueblos Originarios;20;Grupo V.P.S.A.;Representante: Lic.Edgar Villalba Piñeiro, Asuncion, Paraguay, Kubischeck N°496 Esq. Cerro Cora.;No corresponde;;No corresponde;;Paralizado;45,00%;003/11;;;;;;
108;21J;7322774;635933;Canindeyú;Ypejhu;;Ka´aguy Poty  -Ypehu;Pueblos Originarios;20;Grupo V.P.S.A.;Representante: Lic.Edgar Villalba Piñeiro, Asuncion, Paraguay, Kubischeck N°496 Esq. Cerro Cora.;No corresponde;;No corresponde;;Paralizado;45,00%;003/11;;;;;;
109;21J;7300000;601689;Canindeyú;Yasy Kañy;;Caninde;Pueblos Originarios;20;Grupo V.P.S.A.;Representante: Lic.Edgar Villalba Piñeiro, Asuncion, Paraguay, Kubischeck N°496 Esq. Cerro Cora.;No corresponde;;No corresponde;;Paralizado;45,00%;003/11;;;;;;
110;21J;7284256;624665;Canindeyú;Yasy Kañy;;Yovuy - Yasy Cañy;Pueblos Originarios;10;Grupo V.P.S.A.;Representante: Lic.Edgar Villalba Piñeiro, Asuncion, Paraguay, Kubischeck N°496 Esq. Cerro Cora.;No corresponde;;No corresponde;;Paralizado;45,00%;003/11;;;;;;
111;21J;7283828;610028;Canindeyú;Yasy Kañy;;Ybyý Miri - Yasy cañy (Lote 4);Pueblos Originarios;20;J.N. COMERCIAL E INDUSTRIA;Reppresentante: Sr. Cesar L. Valdez B. ;No corresponde;;No corresponde;;Paralizado;43,12%;005/12;;;;;;
112;21J;7333751;641131;Canindeyú;Villa Ygatymi;;Ita Poty - Villa Ygatimi (Lote 5);Pueblos Originarios;32;J.N. COMERCIAL E INDUSTRIA;Reppresentante: Sr. Cesar L. Valdez B. ;No corresponde;;No corresponde;;Paralizado;53,97%;005/12;;;;;;
113;21J;7313423;640117;Canindeyú;Curuguaty;;Mytuy Curuguaty (Lote 6);Pueblos Originarios;20;J.N. COMERCIAL E INDUSTRIA;Reppresentante: Sr. Cesar L. Valdez B. ;No corresponde;;No corresponde;;Paralizado;55,21%;005/12;;;;;;
114;21J;7284665;624840;Canindeyú;Yasy Kañy;;Vy'a renda- Yasy Kañy (Lote 7);Pueblos Originarios;22;J.N. COMERCIAL E INDUSTRIA;Reppresentante: Sr. Cesar L. Valdez B. ;No corresponde;;No corresponde;;Paralizado;23,16%;005/12;;;;;;
115;21J;7460311;549700;Concepción;Yby Yau;;Yby Yau;Pueblos Originarios;32;AVANCE CONSULTORA S.R.L.;Representante: Agr. Jose Luis Rivas Ortiz, Coronel Oviedo,Paraguay, Avda. Mariscal Estigarribia casi Nanawa Telef:(0521) 202 888;No corresponde;;No corresponde;;Paralizado;45,00%;015/12;;;;;;
116;21K;7413417;454557;Concepción;Concepción;;Redencion Concepción- Lote 1;Pueblos Originarios;20;CONSTRUCTORA DIVINO NIÑO JESUS;Representante: Sr. Julio Arias Coronel Oviedo, Paraguay, Ytororo casi Tacuari Telef.(0521) 157 465;No corresponde;;No corresponde;;Paralizado;21,00%;005/12;;;;;;
117;21J;7155981;600281;Guairá;Paso Yobai;;Arroyo Hu;Pueblos Originarios;20;GER.COM;Representante. Esteban Gerconpan Gomez, Ita, Paraguay, Aveiro N°1963 casi Francisco Solano Lopez;No corresponde;;No corresponde;;En ejecución;93,00%;015/12;;;;;;
118;21J;7240044;444962;Presidente Hayes;Benjamín Aceval;;Santa Lucia - Benjamin Aceval;Pueblos Originarios;27;AVANCE CONSULTORA S.R.L.;Representante: Agr. Jose Luis Rivas Ortiz, Coronel Oviedo,Paraguay, Avda. Mariscal Estigarribia casi Nanawa Telef:(0521) 202 888;No corresponde;;No corresponde;;Paralizado;55,00%;015/12;;;;;;
119;21K;7472298;344915;Presidente Hayes;Puerto Pinasco;La Patria;Caroa í;Pueblos Originarios;15;Consorcio Pro Hogar;Representante: Sr. Oscar G. Martinez. Asuncion, Paraguay, RI 2 de Mayo casi Mariscal Lopez.;No corresponde;;No corresponde;;Paralizado;66,89%;003/11;;;;;;
120;21K;7476224;339177;Presidente Hayes;Puerto Pinasco;La Patria;Paciencia;Pueblos Originarios;15;Consorcio Pro Hogar;Representante: Sr. Oscar G. Martinez. Asuncion, Paraguay, RI 2 de Mayo casi Mariscal Lopez.;No corresponde;;No corresponde;;Paralizado;66,89%;003/11;;;;;;
121;21K;7470285;345217;Presidente Hayes;Puerto Pinasco;La Patria;Leona - La Patria;Pueblos Originarios;20;Consorcio Pro Hogar;Representante: Sr. Oscar G. Martinez. Asuncion, Paraguay, RI 2 de Mayo casi Mariscal Lopez.;No corresponde;;No corresponde;;Paralizado;66,89%;003/11;;;;;;
122;21K;7473103;337667;Presidente Hayes;Puerto Pinasco;La Patria;Flores - La Patria;Pueblos Originarios;20;Consorcio Pro Hogar;Representante: Sr. Oscar G. Martinez. Asuncion, Paraguay, RI 2 de Mayo casi Mariscal Lopez.;No corresponde;;No corresponde;;Paralizado;66,89%;003/11;;;;;;
123;21k;7471090;350351;Presidente Hayes;Puerto Pinasco;La Patria;Carpincho - La Patria;Pueblos Originarios;20;Consorcio Pro Hogar;Representante: Sr. Oscar G. Martinez. Asuncion, Paraguay, RI 2 de Mayo casi Mariscal Lopez.;No corresponde;;No corresponde;;Paralizado;66,89%;003/11;;;;;;
124;21K;7459879;287282;Presidente Hayes;Puerto Pinasco;La Patria;Nepoxen - La Patria;Pueblos Originarios;10;Consorcio Pro Hogar;Representante: Sr. Oscar G. Martinez. Asuncion, Paraguay, RI 2 de Mayo casi Mariscal Lopez.;No corresponde;;No corresponde;;Paralizado;66,89%;003/11;;;;;;
125;21K;7462559;297300;Presidente Hayes;Puerto Pinasco;La Patria;Quenaten - la Patria;Pueblos Originarios;10;Consorcio Pro Hogar;Representante: Sr. Oscar G. Martinez. Asuncion, Paraguay, RI 2 de Mayo casi Mariscal Lopez.;No corresponde;;No corresponde;;Paralizado;66,89%;003/11;;;;;;
126;21K;7459927;294252;Presidente Hayes;Puerto Pinasco;La Patria;Tajamar Cabayu;Pueblos Originarios;10;Consorcio Pro Hogar;Representante: Sr. Oscar G. Martinez. Asuncion, Paraguay, RI 2 de Mayo casi Mariscal Lopez.;No corresponde;;No corresponde;;Paralizado;66,89%;003/11;;;;;;
127;21K;7473103;342499;Presidente Hayes;Puerto Pinasco;La Patria;Caroa Guazú;Pueblos Originarios;10;Consorcio Pro Hogar;Representante: Sr. Oscar G. Martinez. Asuncion, Paraguay, RI 2 de Mayo casi Mariscal Lopez.;No corresponde;;No corresponde;;Paralizado;66,89%;003/11;;;;;;
128;21K;7468976;347331;Presidente Hayes;Puerto Pinasco;La Patria;Colonia 24 - La Patria;Pueblos Originarios;15;Consorcio Pro Hogar;Representante: Sr. Oscar G. Martinez. Asuncion, Paraguay, RI 2 de Mayo casi Mariscal Lopez.;No corresponde;;No corresponde;;Paralizado;66,89%;003/11;;;;;;
129;21J;7239505;443236;Presidente Hayes;Benjamín Aceval;;San Francisco - Benjamin Aceval- Lote 8;Pueblos Originarios;30;CONSTRUCTORA DIVINO NIÑO JESUS;Representante: Sr. Julio Arias Coronel Oviedo, Paraguay, Ytororo casi Tacuari Telef.(0521) 157 465;No corresponde;;No corresponde;;Paralizado;40,00%;005/12;;;;;;
130;20K;7390295;746611;Presidente Hayes;Tte. Esteban Martinez;Cacique Sapo;Cacique Sapo 2° etapa;Pueblos Originarios;12;J.R. Constructora;Representante: Arq. Juan Rodríguez Lezcano. Asunción, Paraguay, Pitiantuta entre Amistad y Concordia. ;No corresponde;;No corresponde;;Paralizado;35,00%;003/11;;;;;;
131;21J;7283488;576228;San Pedro;Yrybucuá;;Yrybycua - la palomita;Pueblos Originarios;22;J.N. COMERCIAL E INDUSTRIA;Reppresentante: Sr. Cesar L. Valdez B. ;No corresponde;;No corresponde;;Paralizado;40,78%;005/12;;;;;;
132;21J;7336213;491420;San Pedro;San Pedro;;Acispe - San Pedro;Pueblos Originarios;36;J.R. Constructora;Representante: Arq. Juan Rodríguez Lezcano. Asunción, Paraguay, Pitiantuta entre Amistad y Concordia.;No corresponde;;No corresponde;;Paralizado;90,00%;003/11;;;;;;Esta ubicación geográfica es del distrito de San Pedro del Ycuamandyju, no de la obra en particular.
133;21J;7352437;572144;San Pedro;Gral. Francisco I. Resquin;;Tapyi Cue- Gral. Resquín - LOTE 3;Pueblos Originarios;15;WM CONSTRUCCIONES CIVILES;Representante: Walter Manuel Molinas Mascareño, Telef.(021) 302 618 Crovato N°1939;No corresponde;;No corresponde;;En ejecución;90,67%;015/12;;;;;;
134;21J;7352437;572144;San Pedro;Gral. Francisco I. Resquin;;Ko'e Poty-General Resquín - Lote2;Pueblos Originarios;20;WM CONSTRUCCIONES CIVILES;Representante: Walter Manuel Molinas Mascareño, Telef.(021) 302 618 Crovato N°1939;No corresponde;;No corresponde;;En ejecución;90,00%;015/12;;;;;;
135;21J;7287927;587831;San Pedro;Yrybucuá;Y'apy Santa Isabel;Y'apy Santa Isabel-Yrybycua - Lote 4;Pueblos Originarios;25;WM CONSTRUCCIONES CIVILES;Representante: Walter Manuel Molinas Mascareño, Telef.(021) 302 618 Crovato N°1939;No corresponde;;No corresponde;;En ejecución;70,00%;015/12;;;;;;
136;21J;7169693;735334;Alto Paraná;Presidente Franco;;Presidente Franco;Viviendas Económicas;100;CONSTRUCTORA EL PROGRESO;Representante: Sr. Agustin Barreto Fidavel y Arnaldo Barreto, Alto Parana, Paraguay .Juan Leon Mallorquin, telef:(0675)265 590;No corresponde;;No corresponde;;Paralizado;66,00%;003/11;;;;;;
137;21J;7180390;731511;Alto Paraná;Ciudad del Este;;Ciudad del Este;Viviendas Económicas;150;CONSTRUCTORA EL PROGRESO;Representante: Sr. Agustin Barreto Fidavel y Arnaldo Barreto, Alto Parana, Paraguay .Juan Leon Mallorquin, telef:(0675) 265 590;No corresponde;;No corresponde;;Paralizado;70,00%;003/11;;;;;;
138;21J;7183695;558756;Caaguazú;Coronel Oviedo;;Colonia Yovyi 2 - Cnel Oviedo;Viviendas Económicas;60;M & M CONSTRUCCIONES;Representante: Sr. Milciades Martinez, Coronel Oviedo, Paraguay, Nanawa casi Fulgencio Yegros, Telef:(0521) 200 630;No corresponde;;No corresponde;;Paralizado;51,23%;019/11;;;;;;
139;21J;7183482;461984;Central;Ita;;Ita - B° Caaguazú;Viviendas Económicas;22;C3 INGENIERIA S.A.;Representante: Ing. Carlos Cañisa y Arq. Juan Segalas, Fernando de la Mora, Paraguay,San Blas N°2758 casi Herminio Gimenez ;No corresponde;;No corresponde;;Paralizado;56,00%;004/10;;;;;;
140;21J;7209548;452066;Central;Luque;;Mora Cue - Luque;Viviendas Económicas;60;CONSORCIO ARQ. CELSO MORENO-ING. FERNANDO MORENO;Representante: Ing. Fernando Moreno, Asuncion, Paraguay, Ingavi N°3020 y 24 de Mayo Telef:(021) 301 817;No corresponde;;No corresponde;;En ejecución;86,91%;019/11;;;;;;
141;21J;7220793;450817;Central;Limpio;;Rincón del Peñón;Viviendas Económicas;60;CONSORCIO PC;Representante: Cecilia Hortensia Guanes, Asuncion,Paraguay, Dr. Carlos Diaz de Leon;No corresponde;;No corresponde;;Paralizado;70,00%;019/11;;;;;;
142;21J;7188880;445921;Central;Ñemby;;Duplex Ñemby;Viviendas Económicas;30;CONSTRUCTORA PEREIRA THALMANN;Representante: Ing.  Enrique Pereira San Lorenzo, Paraguay, Victor Caceres casi Pindolo 409;No corresponde;;No corresponde;;Paralizado;93,27%;014/11;;;;;;
143;21J;7215115;446608;Central;Mariano Roque Alonso;;M.R. Alonso;Viviendas Económicas;60;CONSTRUCTORA TECNICA PARAGUAYA S.R.L. - COTEP S.R.L.;Representante: Ing. Julio Cesar Roman, Asuncion, Paraguay, Padre Marcelino Nouts N°861 Telef:(021) 201 728;No corresponde;;No corresponde;;Paralizado;17,13%;019/11;;;;;;
144;21J;7216238;450740;Central;Limpio;;Bloque I - Limpio;Viviendas Económicas;8;HS EMPRESA DE CONSTRUCCIONES;Representante: Hugo Sanabria, San Lorenzo, Paraguay,  Tte Benitez casi España Telef:(021)582 212;No corresponde;;No corresponde;;Paralizado;0,00%;014/12;;;;;;
145;21J;7215046;446586;Central;Mariano Roque Alonso;;Duplex M.R. Alonso;Viviendas Económicas;30;ING. ENRIQUE PARISI;Representante:  Ing. Enrique Parisi, Asuncion, Paraguay, Senador Lonh N°464 casi Bertoni Telef:(021) 614 550;No corresponde;;No corresponde;;Paralizado;37,54%;014/11;;;;;;
146;21J;7189843;442990;Central;San Antonio;;Duplex La Merced;Viviendas Económicas;7;ING. GUSTAVO FRUTOS;Representante: Ing. Gustavo Frutos, Lambare, Paraguay, Avda Hernan Cortes N°781 casi Yvyrapyta y San Mateo Telef:(021)426 305;No corresponde;;No corresponde;;En ejecución;59,50%;006/10;;;;;;
147;21J;7203934;450581;Central;Luque;;Edificio Luque-Terminación;Viviendas Económicas;14;ING. JULIO ANTONIO GALIANO MORAN;Representante:Ing. Julio Galeano Roman, Asuncion, Paraguay, Avda Santisima Trinidad N|1565 casi Kuarajhy;No corresponde;;No corresponde;;Paralizado;49,00%;013/12;;;;;;
148;21J;7216238;450740;Central;Limpio;;Bloque II - Limpio;Viviendas Económicas;8;MULTIOBRA S.R.L.;Representante: Ronal Sanchez, Asuncion, Paraguay, Radio Ordenadores del Chaco Esquina Cerro Cora y Azara Telef:(021)227 614;No corresponde;;No corresponde;;Paralizado;0,00%;014/12;;;;;;
149;21J;7116837;551394;Guairá;Iturbe;;Iturbe;Viviendas Económicas;50;AGROMAQ INSUMOS Y MAQUINAS;Representante: Sr. Ronald Hernan Guerrero, San Lorenzo, Paraguay, Gral Caballero 1079 casi Buenos Aires;No corresponde;;No corresponde;;Paralizado;88,81%;003/11;;;;;;
150;21J;7102462;387068;Ñeembucú;Alberdi;;Alberdi;Viviendas Económicas;32;TECNOSUR INGENIERIA SRL;Representante: Sr. Nestor Manuel Santa Cruz , Pilar, Paraguay, Tawan N° 2999;No corresponde;;No corresponde;;Paralizado;20,00%;003/11;;;;;;
151;21J;7025758;371668;Ñeembucú;Pilar;;Pilar;Viviendas Económicas;50;TECNOSUR INGENIERIA SRL;Representante: Sr. Nestor Manuel Santa Cruz , Pilar, Paraguay, Tawan N° 2999;No corresponde;;No corresponde;;Paralizado;26,90%;003/11;;;;;;
152;21J;7337740;493512;San Pedro;San Pedro del Ycuamandyju;;San Pedro del Ycuamandiyú;Viviendas Económicas;60;CIVIALPAR INGENIERIA;Representante: Ing. Felix Benitez ,Indio Francisco N°671 casi Bartolome de las Casas Telef:(021)550 308 ;No corresponde;;No corresponde;;Paralizado;20,00%;019/11;;;;;;
153;21K;7503066;626147;Amambay;Pedro Juan Caballero;;Pedro Juan Caballero;Vy'a Renda;50;MULTIOBRA S.R.L.;Representante: Ronal Sanchez, Asuncion, Paraguay, Radio Ordenadores del Chaco Esquina Cerro Cora y Azara Telef:(021)227 614;No corresponde;;No corresponde;;Paralizado;0,00%;018/12;;;;;;
154;21J;7213453;640614;Caaguazú;Raúl Arsenio Oviedo;;Raúl Arsenio Oviedo;Vy'a Renda;44;CHAVEZ AYALA ROBERTO;Representante: Ing. Roberto Chavez Ayala, Paraguay, Tuyuti 154, Galeria Oga Rape, Local11 Telef:(0521)203 629;No corresponde;;No corresponde;;Paralizado;53,17%;004/12;;;;;;
155;21J;7100123;563316;Caazapá;Caazapá;;Caazapá;Vy'a Renda;50;CONSORCIO CAAZAPA;Representante: Sr. Cesar Balcazar, Caazapa, Paraguay, Mariscal Estigarribia casi 14 de Mayo Telef: (0542)232 170;No corresponde;;No corresponde;;Paralizado;;018/11;;;;;;
156;21J;7100057;563253;Caazapá;Caazapá;;Caazapa;Vy'a Renda;50;CONSORCIO GENERAL MORINIGO;Representante: Mario Balcazar, San Lorenzo, Paraguay, Manuel Ortiz Guerrero casi Silvana Godoy y Garibaldi N°767 ;No corresponde;;No corresponde;;Paralizado;14,69%;011/12;;;;;;
157;21J;7190839;443106;Central;Ñemby;;Andrea Flor-Ñemby;Vy'a Renda;20;CONSTRUCCIONES TAI;Representante: Sr. Anastasio Vicente Mendoza, Coronel Oviedo, Paraguay, Maldonado esquina Ñeembucu, Telef:(0521)201 864;No corresponde;;No corresponde;;Paralizado;31,21%;002/12;;;;;;
158;21J;7217945;451233;Central;Limpio;;Limpio;Vy'a Renda;60;CONSTRUCCIONES TAI;Representante: Sr. Anastasio Vicente Mendoza, Coronel Oviedo, Paraguay, Maldonado esquina Ñeembucu, Telef:(0521)201 864;No corresponde;;No corresponde;;Paralizado;86,01%;013/11;;;;;;
159;21J;7212156;452153;Central;Limpio;;La Hermosa - limpio;Vy'a Renda;12;CONSTRUCTORA DIVINO NIÑO JESUS;Representante: Sr. Julio Arias Coronel Oviedo, Paraguay, Ytororo casi Tacuari Telef.(0521) 157 465;No corresponde;;No corresponde;;Paralizado;48,87%;004/12;;;;;;
160;21J;7191903;442884;Central;Ñemby;;Maria Auxiliadora;Vy'a Renda;6;CONSTRUCTORA PEREIRA THALMANN;Representante: Ing.  Enrique Pereira San Lorenzo, Paraguay, Victor Caceres casi Pindolo 409;No corresponde;;No corresponde;;Paralizado;46,63%;002/12;;;;;;
161;21J;7192231;442752;Central;Ñemby;;Jeroviaha;Vy'a Renda;18;CONSTRUCTORA PEREIRA THALMANN;Representante: Ing.  Enrique Pereira San Lorenzo, Paraguay, Victor Caceres casi Pindolo 409;No corresponde;;No corresponde;;Paralizado;58,82%;002/12;;;;;;
162;21J;7191615;456190;Central;Capiatá;;Tierra prometida - Capiatá;Vy'a Renda;80;ING RAMON GAONA;Representante: Arq. Ramon Gaona y Ing. Marcelo Ramirez Telef:(0224) 633 378;No corresponde;;No corresponde;;Paralizado;5,00%;024/12;;;;;;
163;21J;7200085;459013;Central;Aregua;;Renacer -  Costa Fleitas - Areguá;Vy'a Renda;90;INGENIERIA  APLICADA S.A.;Representante: Sr. Diego Martinez Burgos Asuncion, Paraguay, Montevideo N° 1630 casi Roma;No corresponde;;No corresponde;;Paralizado;0,00%;020/11;;;;;;
164;21J;7193175;443649;Central;Ñemby;;Villa Helena - Ñemby;Vy'a Renda;28;INGENIERO CARLOS UGHELLI;Representante: Ing. Carlos Ughelli Asuncion, Paraguay, Narciso Colman N°1634 Telef: (021) 660 237;No corresponde;;No corresponde;;Paralizado;40,00%;020/11;;;;;;
165;21J;7198071;456325;Central;Capiatá;;Sueño y Esperanza-Capiata;Vy'a Renda;20;J.N. COMERCIAL E INDUSTRIA;Representante: Sr. Cesar L. Valdez B.;No corresponde;;No corresponde;;Paralizado;22,73%;004/12;;;;;;
166;21J;7418795;498277;Concepción;Horqueta;;Horqueta;Vy'a Renda;40;CONSORCIO RADECO Y ASOCIADOS;Representante: Sr. Raul Maria de Colleville  Fernando de la Mora, Paraguay, Saturio Rios casi Mariscal Estigarribia;No corresponde;;No corresponde;;En ejecución;53,00%;020/11;;;;;;
167;21K;7540762;470274;Concepción;San Carlos del Apa;;San Carlos del Apa;Vy'a Renda;50;ING. RAMON SIENRRA ZAVALA;Representante: Ing. Sienra Zavala,  Curupayty N°915 Esquina Jose de la Cruz Ayala  Telef:(021)504 614;No corresponde;;No corresponde;;En ejecución;95,00%;CD;;;;;;
168;21K;7554352;400765;Concepción;San Lazaro;;San Lazaro-3 Cerros-Lote 6;Vy'a Renda;20;M & M  INGENIERIA - ARQUITECTURA;Representante: Ing. Luis Fernando Melgarejo Asuncion y Coronel Oviedo, Paraguay Telef: (021)227 982 (0521)202 390;No corresponde;;No corresponde;;En ejecución;95,00%;004/12;;;;;;
169;21K;7554817;400753;Concepción;San Lazaro;;San Lazaro-Vallemi-Lote 5;Vy'a Renda;20;M & M  INGENIERIA - ARQUITECTURA;Representante: Ing. Luis Fernando Melgarejo Asuncion y Coronel Oviedo, Paraguay Telef: (021)227 982 (0521)202 390;No corresponde;;No corresponde;;En ejecución;95,00%;004/12;;;;;;
170;21J;7203021;470340;Cordillera;San Bernardino;;San Miguel-San Bernardino;Vy'a Renda;20;CONSTRUCTORA DIVINO NIÑO JESUS;Representante: Sr. Julio Arias Coronel Oviedo, Paraguay, Ytororo casi Tacuari Telef.(0521) 157 465;No corresponde;;No corresponde;;Paralizado;10,93%;004/12;;;;;;
171;21J;7205775;483432;Cordillera;Atyra;;La Candelaria-Atyra;Vy'a Renda;20;KyV Construcciones;Representante: Ing. Victor Hugo Villasboa Maidana Paraguay, 23 Proyectadas N°484 casi 14 de Mayo Ttelef:(021) 392 799;No corresponde;;No corresponde;;Paralizado;60,50%;02/2012;;;;;;
172;21J;7141179;538555;Guairá;Itape;;Itape;Vy'a Renda;40;VARELA CONSTRUCCIONES;Representante: Sr. Diosnel Varela Bogado, Coronel Oviedo, Paraguay , Avda Mariscal Estigarribia y Fulgencio Yegros;No corresponde;;No corresponde;;Paralizado;29,75%;002/12;;;;;;
173;21J;7079353;488750;Misiones;Villa Florida;;Villa Florida;Vy'a Renda;41;ELECTROMECANICA DOLDAN;Representante: Osvaldo Doldan, Pilar, Paraguay, Barrio San Vicente Taiwan Manzana 52 Lote 19 Telef:(0975)617 193 ;No corresponde;;No corresponde;;Paralizado;20,94%;011/12;;;;;;
174;21J;6998883;522542;Misiones;Santiago;;Santiago;Vy'a Renda;25;ING. JULIO ANTONIO GALIANO MORAN;Representante:Ing. Julio Galeano Roman, Asuncion, Paraguay, Avda Santisima Trinidad N|1565 casi Kuarajhy;No corresponde;;No corresponde;;Paralizado;52,00%;024/12;;;;;;
175;21J;6997625;407808;Ñeembucú;Villalbin;;Villalbín;Vy'a Renda;25;CONSORCIO VEK;Representante: Sr. Luis Narciso Acosta Flores, Pilar,Paraguay, Barrio San Miguel, Tte Brizuela casi Saavedra y Yegros ;No corresponde;;No corresponde;;Paralizado;48,00%;013/11;;;;;;
176;21J;6985195;346052;Ñeembucú;Paso de Patria;;Paso de Patria;Vy'a Renda;25;DEPOSITO DE MATERIALES SAN FRANCISCO;Representante: Sr. Cristobal Stete Ghiringhelli, Avda Mariscal Lopez y Enfermeras del Chaco;No corresponde;;No corresponde;;En ejecución;95,00%;018/11;;;;;;
177;21J;7004637;349555;Ñeembucú;Humaita;;Humaita;Vy'a Renda;32;V & R CONTRUCCIONES;Representante: Damaso Vidal Olmedo Fretes, Pilar, Paraguay, Colon y Caballero;No corresponde;;No corresponde;;Paralizado;89,00%;007/11;;;;;;
178;21J;7050447;408860;Ñeembucú;San Juan Bautista;;San Juan Bautista;Vy'a Renda;35;V & R CONTRUCCIONES;Representante: Damaso Vidal Olmedo Fretes, Pilar, Paraguay, Colon y Caballero;No corresponde;;No corresponde;;Paralizado;3,00%;011/12;;;;;;
179;21J;7100484;524690;Paraguarí;Mbuyapey;;Mbuyapey;Vy'a Renda;50;ARQ. FATIMA SERVIN;Representante: Arq. Fatima Servin, Ayala Velazquez N°761 casi Siria Telef:(021)227 595 ;No corresponde;;No corresponde;;Paralizado;0,00%;018/12;;;;;;
180;21J;7344511;571727;San Pedro;Naranjito;;Naranjito;Vy'a Renda;20;3 G CONSTRUCCIONES;Representante: Ing. Hugo Patiño, Caaguazu, Paraguay ;No corresponde;;No corresponde;;Paralizado;40,00%;018/11;;;;;;
181;21J;7366690;546657;San Pedro;Santa Rosa del Aguaray;;6 de Enero - Sta. Rosa del Aguaray;Vy'a Renda;60;AGRORURAL;San Lorenzo, Paraguay, Avda Agronomo Esquina Mariscal Estigarribia Telef:(021)580 430;No corresponde;;No corresponde;;Paralizado;3.10%;011/11;;;;;;
182;21J;7338355;555647;San Pedro;Gral. Francisco I. Resquin;;Gral. Resquín;Vy'a Renda;30;HUGO DANIEL PATIÑO L.;Representante: Ing.Hugo Patiño, Asuncion, Paraguay , de las Llanas N°999 Y Gral. Delgado Telef: (021) 295 622;No corresponde;;No corresponde;;Paralizado;70,00%;018/11;;;;;;
183;21J;7250619;564572;San Pedro;Yataity del Norte;;Yataity del Norte;Vy'a Renda;25;M & M  INGENIERIA - ARQUITECTURA;Representante: Ing. Luis Fernando Melgarejo Asuncion y Coronel Oviedo, Paraguay Telef: (021)227 982 (0521)202 390;No corresponde;;No corresponde;;En ejecución;95,00%;004/12;;;;;;
184;21J;7239553;569056;Caaguazú;Santa Rosa del Mbutuy;;Santa Rosa del Mbutuy;Vy'a Renda;62;OSBEN S.R.L.;Representante: Sra. Miryam Estigarribia , Coronel Oviedo, Paraguay, Panchito Lopez N° 170 casi Padre Molas ;No corresponde;;No corresponde;;Paralizado;35,00%;020/12;;;;;;
185;21K;7600507;407173;Alto Paraguay;Carmelo Peralta;;Comunidad Punta (Ayoreo);FONAVIS;40;;;ALTO FORREST  PARAGUAY;Verónica Elvira Coronel. veliferme@hotmail.com;No corresponde;;En ejecución;95%;No corresponde;;Terreno comunitario;17/8/12;;;
186;21K;7545395;387697;Alto Paraguay;Puerto Casado;;Maskoy Recoporavera 1ra. Etapa (Machete Vaina Y Castilla);FONAVIS;58;;;CODES;Arq. Alfonso Olmedo. (021) 301-015.;No corresponde;;Culminada;100%;No corresponde;;Terreno comunitario;;;;
187;21J;7169720;733564;Alto Paraná;Presidente Franco;;Asentamiento Sto. Domingo-Km 8 Monday;FONAVIS;18;;;ARQ. CARLOS RIVAS;Arq. Carlos Rivas. crivas60@hotmail.com;No corresponde;;En ejecución;S/D;No corresponde;;Propiedad privada (compra de terreno);25/6/12;;;
188;21J;7176315;735221;Alto Paraná;Ciudad del Este;;Villa Anita;FONAVIS;6;;;ARQUIDEC S.R.L.;Faustino Correa. arqudec_srl@yahoo.com ;No corresponde;;En ejecución;100%;No corresponde;;Propiedad de los Beneficiarios;8/3/13;;;
189;21J;7174672;736512;Alto Paraná;Ciudad del Este;;Buena Vista;FONAVIS;10;;;LIC. MARIA MERCEDES ENRIQUEZ;Lic.Maria Mercedes Enrriquez. sat_m.a@hotmail.com;No corresponde;;En ejecución;S/D;No corresponde;;Propiedad de la SAS;21/1/13;;;
190;21J;7185217;735153;Alto Paraná;Hernandarias;;Takuru Pucu 2da. Etapa;FONAVIS;10;;;MERCEDES GONZALEZ ALFONSO;Mercedes Geraldine Gonzalez. naikon_kum@yahoo.com;No corresponde;;Paralizado;0%;No corresponde;;Propiedad privada (compra de terreno);31/10/11;;;
191;21J;7189945;556922;Caaguazú;Coronel Oviedo;;Santa Elena;FONAVIS;25;;;LIC. MARIA MERCEDES ENRIQUEZ;Lic.Maria Mercedes Enrriquez. sat_m.a@hotmail.com;No corresponde;;Culminada;100%;No corresponde;;Propiedad privada (compra de terreno);8/8/12;;;
192;21J;7207697;612704;Caaguazú;Juan Manuel Frutos;;Punta Pora;FONAVIS;17;;;LIC. MARIA MERCEDES ENRIQUEZ;Lic.Maria Mercedes Enrriquez. sat_m.a@hotmail.com;No corresponde;;En ejecución;80%;No corresponde;;Terreno comunitario;13/2/13;;;
193;21J;7229096;633967;Caaguazú;San Joaquín;;Cerro Moroti - 2da. Etapa;FONAVIS;16;;;LIC. MARIA MERCEDES ENRIQUEZ;Lic.Maria Mercedes Enrriquez. sat_m.a@hotmail.com;No corresponde;;En ejecución;95%;No corresponde;;Terreno comunitario;6/2/13;;;
194;21J;7237330;668008;Caaguazú;Nueva Toledo;;Tekoha Pora;FONAVIS;29;;;LIC. MARIA MERCEDES ENRIQUEZ;Lic.Maria Mercedes Enrriquez. sat_m.a@hotmail.com;No corresponde;;Culminada;100%;No corresponde;;Terreno comunitario;15/2/13;;;
195;21J;7230991;596031;Caaguazú;San Joaquín;;San Joaquín I Etapa;FONAVIS;50;;;LIC. MARIA MERCEDES ENRIQUEZ;Lic.Maria Mercedes Enrriquez. sat_m.a@hotmail.com;No corresponde;;Culminada;100%;No corresponde;;Propiedad de la Municipalidad;30/1/13;;;
196;21J;7185343;554183;Caaguazú;Coronel Oviedo;;San Roque Gonzalez De Santacruz;FONAVIS;44;;;NATANAEL CADOGAN DUARTE;Natanael Cadogan Duarte. (021) 203 433;No corresponde;;Culminada;100%;No corresponde;;Propiedad de la SAS;8/3/13;;;
197;21J;7185672;558293;Caaguazú;Coronel Oviedo;;Asentamiento Sol Naciente;FONAVIS;30;;;RIGOBERTO GONZALEZ GIMENEZ;Rigoberto Gonzalez Gimenez. Rigoberto.consul@gmail.com;No corresponde;;Culminada;100%;No corresponde;;Propiedad de la SAS;15/2/13;;;
198;21J;7184601;553167;Caaguazú;Coronel Oviedo;;24 De Julio;FONAVIS;80;;;RIGOBERTO GONZALEZ GIMENEZ;Rigoberto Gonzalez Gimenez. Rigoberto.consul@gmail.com;No corresponde;;En ejecución;S/D;No corresponde;;Propiedad privada (compra de terreno);10/5/13;;;
199;21J;7185719;557813;Caaguazú;Coronel Oviedo;;La Gloria II - 1ra Etapa;FONAVIS;48;;;RIGOBERTO GONZALEZ GIMENEZ;Rigoberto Gonzalez Gimenez. Rigoberto.consul@gmail.com;No corresponde;;En ejecución;90%;No corresponde;;Propiedad de la SAS;20/12/12;;;
200;21J;7214040;447504;Central;Mariano Roque Alonso;;Expo Ciudad II;FONAVIS;16;;;INGENIERIA Y PROYECTOS PARAGUAY - IPP;Ing. Manuel Lombardo. ma-lombardo@hotmail.com ;No corresponde;;Culminada;100%;No corresponde;;Propiedad privada (compra de terreno);17/9/12;;;
201;21J;7215984;453561;Central;Limpio;;La Victoria - Sagrada Familia;FONAVIS;30;;;ARQ. REBECA ZELAYA GONZALEZ;Arq. Rebeca Zelaya. rebe_zegon@hotmail.com ;No corresponde;;Culminada;100%;No corresponde;;Propiedad de la SAS;24/6/13;;;
202;21J;7195539;446962;Central;Ñemby;;San Miguel;FONAVIS;10;;;C CONSULTORES;Juan Corbalan, Maria Villanueva. corvalan@cconsultores.com.py;No corresponde;;Culminada;100%;No corresponde;;Propiedad de la Municipalidad;;;;
203;21J;7191045;483459;Cordillera;Caacupé;;Divino Niño Jesús - Etapa I;FONAVIS;30;;;ASOCIACION TEKOVERA;Arq. Ilse Coronel. adricoronel@gmail.com;No corresponde;;En ejecución;90%;No corresponde;;Propiedad privada (compra de terreno);;;;
204;21J;7214386;470156;Cordillera;Nueva Colombia;;Pro Viviendas Populares;FONAVIS;40;;;CONTACONSULT;Lic. Jorge Andriotti. jorgeandriotti@yahoo.com ;No corresponde;;Culminada;100%;No corresponde;;Propiedad privada (compra de terreno);5/6/12;;;
205;21J;7190855;486240;Cordillera;Caacupé;;Ciudad Nueva;FONAVIS;12;;;LIC. MARIA MERCEDES ENRIQUEZ;Lic.Maria Mercedes Enrriquez. sat_m.a@hotmail.com;No corresponde;;En ejecución;50%;No corresponde;;Propiedad privada (compra de terreno);27/9/11;;;
206;21J;6975985;611749;Itapúa;Encarnación;;Edificio Don Julio;FONAVIS;74;;;INGENIERIA Y PROYECTOS PARAGUAY - IPP;Ing. Manuel Lombardo. ma-lombardo@hotmail.com ;No corresponde;;Culminada;100%;No corresponde;;Propiedad privada (compra de terreno);2/12/11;;;
207;21J;7116217;483825;Paraguarí;Quiindy;;Curucau;FONAVIS;13;;;EMPRENDIMIENTOS INMOBILIARIOS;Cristhian Manuel Araujo.  info@geo.com.py;No corresponde;;En ejecución;S/D;No corresponde;;INDERT;11/3/11;;;
208;21J;7226818;490619;Cordillera;Arroyos y Esteros;;Comisión Vecinal San Francisco;FONAVIS;60;;;ITAPUA S.R.L.;ing. Justo Medina,Ing. Maria De Medina. jmedinacardozo@gmail.com;No corresponde;;En ejecución;S/D;No corresponde;;Propiedad privada (compra de terreno);15/11/12;;;
209;21J;7048892;486453;Misiones;San Juan Bautista;;Asociación De Educadores Rurales Sanjuaninos;FONAVIS;40;;;COTEP S.A.;Julio Cesar Roman. tareascotepsa@gmail.com ;No corresponde;;Culminada;100%;No corresponde;;Propiedad privada (compra de terreno);31/8/12;;;
210;21J;7184353;559032;Caaguazú;Coronel Oviedo;;Virgen Del Carmen;FONAVIS;25;;;VERONICA OJEDA CASTELLI;Abog. Veronica Ojeda. vojedacastelli@gmail.com;No corresponde;;Culminada;100%;No corresponde;;Propiedad de la SAS;;;;
211;21K;7539600;384342;Alto Paraguay;Puerto Casado;;Maskoy Recoporavera  2da. Etapa (Castilla, Ma. Auxiliadora, San Isidro Y Machete Vaina);FONAVIS;70;;;CODES;Arq. Alfonso Olmedo. (021) 301-015.;No corresponde;;En ejecución;50%;No corresponde;;Terreno comunitario;;;;
212;21J;7178885;733234;Alto Paraná;Ciudad del Este;;Jardín Del Este - Km 8;FONAVIS;6;;;LIC. MARIA MERCEDES ENRIQUEZ;Lic.Maria Mercedes Enrriquez. sat_m.a@hotmail.com;No corresponde;;En ejecución;S/D;No corresponde;;Propiedad de los Beneficiarios;18/10/13;;;
213;21K;7467841;194135;Boquerón;Mariscal Estigarribia;;Casuarina II - Techo Y Agua;FONAVIS;22;;;CEDES/HABITAT;Arq. Emma Gill. cedeshab@gmail.com;No corresponde;;Culminada;100%;No corresponde;;Terreno comunitario;12/6/13;;;
214;21J;7187704;554541;Caaguazú;Coronel Oviedo;;31 De Julio Etapa I;FONAVIS;40;;;ACG CONSULTORA INTEGRAL;Abog. Federico Cabral. (021) 528 973;No corresponde;;Culminada;100%;No corresponde;;Propiedad de la SAS;1/8/13;;;
215;21J;7187988;553942;Caaguazú;Coronel Oviedo;;31 De Julio Etapa II;FONAVIS;35;;;ACG CONSULTORA INTEGRAL;Abog. Federico Cabral. (021) 528 973;No corresponde;;En ejecución;92%;No corresponde;;Propiedad de la SAS;1/8/13;;;
216;21J;7232126;646550;Caaguazú;Nueva Toledo;;Oga'i Yvu;FONAVIS;26;;;CEDES/HABITAT;Arq. Emma Gill. cedeshab@gmail.com;No corresponde;;En ejecución;S/D;No corresponde;;Terreno comunitario;5/6/13;;;
217;21J;7226329;631229;Caaguazú;Raúl Arsenio Oviedo;;Oga'i Y'akareta 2da. Etapa;FONAVIS;25;;;CEDES/HABITAT;Arq. Emma Gill. cedeshab@gmail.com;No corresponde;;Culminada;100%;No corresponde;;Terreno comunitario;18/6/13;;;
218;21J;7227960;641369;Caaguazú;Raúl Arsenio Oviedo;;Oga'i Santa Teresa 2da. Etapa;FONAVIS;44;;;CEDES/HABITAT;Arq. Emma Gill. cedeshab@gmail.com;No corresponde;;Culminada;100%;No corresponde;;Terreno comunitario;18/6/13;;;
219;21J;7179868;635548;Caaguazú;J. Eulogio Estigarribia;;San Juan Yhovy;FONAVIS;61;;;CEDES/HABITAT;Arq. Emma Gill. cedeshab@gmail.com;No corresponde;;En ejecución;S/D;No corresponde;;Terreno comunitario;;;;
220;21J;7184777;599487;Caaguazú;Caaguazú;;La Conquista;FONAVIS;25;;;CESARINA BARRETO DE ENCISO;Cesarina Barreto De Enciso. cesarinaenciso@hotmail.com;No corresponde;;Culminada;100%;No corresponde;;Propiedad privada (compra de terreno);;;;
221;21J;7182772;549197;Caaguazú;Coronel Oviedo;;Territorio Social Villa Elsa;FONAVIS;37;;;FREDDY DIOSNEL ROLON;Freddy Diosnel Rolon. 0981 458 666. fredydiosnelrolon@hotmail.com;No corresponde;;Culminada;100%;No corresponde;;Propiedad de la SAS;17/7/14;;;
222;21J;7189607;557800;Caaguazú;Coronel Oviedo;;San Jorge 2da. Etapa;FONAVIS;58;;;LIC. MARIA MERCEDES ENRIQUEZ;Lic.Maria Mercedes Enrriquez. sat_m.a@hotmail.com;No corresponde;;En ejecución;60%;No corresponde;;Propiedad privada (compra de terreno);8/8/12;;;
223;21J;7204705;574137;Caaguazú;Coronel Oviedo;;Villa Azucena;FONAVIS;16;;;LIC. MARIA MERCEDES ENRIQUEZ;Lic.Maria Mercedes Enrriquez. sat_m.a@hotmail.com;No corresponde;;Culminada;100%;No corresponde;;Propiedad de los Beneficiarios;17/6/13;;;
224;21J;7228775;608739;Caaguazú;Yhú;;Virgen Del Rosario;FONAVIS;40;;;LIC. MARIA MERCEDES ENRIQUEZ;Lic.Maria Mercedes Enrriquez. sat_m.a@hotmail.com;No corresponde;;En ejecución;60%;No corresponde;;Propiedad de la Municipalidad;12/12/12;;;
225;21J;7161500;624905;Caaguazú;Repatriación;;Ypau Señorita;FONAVIS;25;;;LIC. MARIA MERCEDES ENRIQUEZ;Lic.Maria Mercedes Enrriquez. sat_m.a@hotmail.com;No corresponde;;En ejecución;60%;No corresponde;;Terreno comunitario;20/6/13;;;
226;21J;7232421;595340;Caaguazú;San Joaquín;;San Joaquín II Etapa;FONAVIS;24;;;LIC. MARIA MERCEDES ENRIQUEZ;Lic.Maria Mercedes Enrriquez. sat_m.a@hotmail.com;No corresponde;;En ejecución;50%;No corresponde;;Propiedad de la Municipalidad;15/7/13;;;
227;21J;7187599;545512;Caaguazú;Nueva Londres;;Comisión Vecinal Nueva Londres;FONAVIS;70;;;NATANAEL CADOGAN DUARTE;Natanael Cadogan Duarte. (021) 203 433;No corresponde;;En ejecución;10%;No corresponde;;Propiedad privada (compra de terreno);31/7/13;;;
228;21J;7173748;600947;Caaguazú;Repatriación;;La Paloma I;FONAVIS;24;;;NATANAEL CADOGAN DUARTE;Natanael Cadogan Duarte. (021) 203 433;No corresponde;;En ejecución;S/D;No corresponde;;Propiedad privada (compra de terreno);9/8/13;;;
229;21J;7187052;554354;Caaguazú;Coronel Oviedo;;Asentamiento Caraguatay-Mi;FONAVIS;20;;;RIGOBERTO GONZALEZ GIMENEZ;Rigoberto Gonzalez Gimenez. Rigoberto.consul@gmail.com;No corresponde;;En ejecución;80%;No corresponde;;Propiedad de la SAS;19/12/13;;;
230;21J;7184742;554622;Caaguazú;Coronel Oviedo;;Asentamiento Virgen De Fátima;FONAVIS;23;;;RIGOBERTO GONZALEZ GIMENEZ;Rigoberto Gonzalez Gimenez. Rigoberto.consul@gmail.com;No corresponde;;En ejecución;60%;No corresponde;;Propiedad de la SAS;16/1/14;;;
231;21J;7185577;558258;Caaguazú;Coronel Oviedo;;Asentamiento Bonanza;FONAVIS;20;;;RIGOBERTO GONZALEZ GIMENEZ;Rigoberto Gonzalez Gimenez. Rigoberto.consul@gmail.com;No corresponde;;En ejecución;50%;No corresponde;;Propiedad de la SAS;11/10/13;;;
232;21J;7185867;557505;Caaguazú;Coronel Oviedo;;La Gloria I - 2da Etapa;FONAVIS;31;;;RIGOBERTO GONZALEZ GIMENEZ;Rigoberto Gonzalez Gimenez. Rigoberto.consul@gmail.com;No corresponde;;En ejecución;25%;No corresponde;;Propiedad de la SAS;26/7/13;;;
233;21J;7182653;553532;Caaguazú;Coronel Oviedo;;Asociación De Trabajadores De Medios De Comunicación -  Atrameco;FONAVIS;49;;;VERONICA OJEDA CASTELLI;Abog. Veronica Ojeda. vojedacastelli@gmail.com;No corresponde;;En ejecución;60%;No corresponde;;Propiedad de la SAS;16/12/13;;;
234;21J;7184345;558978;Caaguazú;Coronel Oviedo;;Sagrado Corazón De Jesús 2da. Fase;FONAVIS;15;;;VERONICA OJEDA CASTELLI;Abog. Veronica Ojeda. vojedacastelli@gmail.com;No corresponde;;En ejecución;80%;No corresponde;;Propiedad de la SAS;13/12/13;;;
235;21J;7096577;577053;Caazapá;Colonia Mayor Nicolás Arguello;;Pro-Casa Col. Nicolás Arguello- Santa Librada;FONAVIS;28;;;RIGOBERTO GONZALEZ GIMENEZ;Rigoberto Gonzalez Gimenez. Rigoberto.consul@gmail.com;No corresponde;;En ejecución;10%;No corresponde;;Propiedad privada (compra de terreno);6/2/14;;;
236;21K;7429853;525210;Concepción;Horqueta;;Asentamiento Alemán Cue;FONAVIS;20;;;ASOCIACION TEKOVERA;Arq. Ilse Coronel. adricoronel@gmail.com;No corresponde;;En ejecución;S/D;No corresponde;;INDERT;;;;
237;21K;7433187;528482;Concepción;Horqueta;;Comisión Arroyito Núcleo VII;FONAVIS;20;;;ASOCIACION TEKOVERA;Arq. Ilse Coronel. adricoronel@gmail.com;No corresponde;;En ejecución;S/D;No corresponde;;INDERT;;;;
238;21K;7433187;528482;Concepción;Horqueta;;Asentamiento Núcleo IV;FONAVIS;20;;;HABITAT PARA LA HUMANIDAD - PARAGUAY;Mary Lechenuk. 0981 491 993. mlisnichuk@habitat.org.py;No corresponde;;En ejecución;S/D;No corresponde;;INDERT;6/5/14;;;
239;21K;7524550;525550;Concepción;Sargento José Félix López;;La Suerte;FONAVIS;40;;;LIC. MARIA MERCEDES ENRIQUEZ;Lic.Maria Mercedes Enrriquez. sat_m.a@hotmail.com;No corresponde;;En ejecución;S/D;No corresponde;;INDERT;28/3/14;;;
240;21K;7418167;550196;Concepción;Azotey;;Comunidad Indígena Vyapave;FONAVIS;102;;;LIC. MARIA MERCEDES ENRIQUEZ;Lic.Maria Mercedes Enrriquez. sat_m.a@hotmail.com;No corresponde;;En ejecución;35%;No corresponde;;Terreno comunitario;12/3/14;;;
241;21K;7462384;510757;Concepción;Jhugua Ñandu;;Comisión Vecinal Jhugua Ñandu;FONAVIS;17;;;LIC. NILSA TORRES;Lic. Nilsa Magdalena Torres.  Nilsacolman@hotmail.com;No corresponde;;En ejecución;S/D;No corresponde;;INDERT;1/4/14;;;Coordenada aproximada de la construcción de las viviendas.
242;21K;7413954;524226;Concepción;Horqueta;;Comisión Vecinal Kurupay Loma II Etapa;FONAVIS;26;;;LIC. NILSA TORRES;Lic. Nilsa Magdalena Torres. Nilsacolman@hotmail.com;No corresponde;;En ejecución;90%;No corresponde;;INDERT;1/4/14;;;
243;21J;7205706;483764;Cordillera;Atyra;;La Candelaria - 1ra  Etapa;FONAVIS;30;;;CONSULTORA NOESIS;Fernando Javier Diaz. javier@sgpsa.com;No corresponde;;En ejecución;45%;No corresponde;;Propiedad de la SAS;31/7/13;;;
244;21J;7205706;483764;Cordillera;Atyra;;La Candelaria - 2ra  Etapa;FONAVIS;30;;;CONSULTORA NOESIS;Fernando Javier Diaz. javier@sgpsa.com;No corresponde;;En ejecución;45%;No corresponde;;Propiedad de la SAS;31/7/13;;;
245;21J;7170573;512065;Cordillera;Valenzuela;;San Jose;FONAVIS;40;;;CONTACONSULT;Lic. Jorge Andriotti. jorgeandriotti@yahoo.com ;No corresponde;;En ejecución;45%;No corresponde;;Propiedad privada (compra de terreno);15/7/13;;;
246;21J;7189420;520524;Cordillera;Santa Elena;;Sin Tierra Y Sin Techo San Jorge;FONAVIS;39;;;ING. BLAS DENIS;Ing. Blas Antonio Dennis. badesa@gmail.com;No corresponde;;Culminada;100%;No corresponde;;Propiedad privada (compra de terreno);19/7/13;;;
247;21J;7203760;512478;Cordillera;Caraguatay;;San Pedro-Caraguatay;FONAVIS;74;;;LIC. MARIA MERCEDES ENRIQUEZ;Lic.Maria Mercedes Enrriquez. sat_m.a@hotmail.com;No corresponde;;En ejecución;40%;No corresponde;;Propiedad privada (compra de terreno);19/7/13;;;
248;21J;7146751;554687;Guairá;Villarrica;;Sinaí III;FONAVIS;12;;;CESARINA BARRETO DE ENCISO;Cesarina Barreto De Enciso. cesarinaenciso@hotmail.com;No corresponde;;En ejecución;S/D;No corresponde;;Propiedad privada (compra de terreno);;;;
249;21J;7126496;587505;Guairá;José Fassardi;;Ciudad Nueva;FONAVIS;48;;;CESARINA BARRETO DE ENCISO;Cesarina Barreto De Enciso. cesarinaenciso@hotmail.com;No corresponde;;En ejecución;20%;No corresponde;;Propiedad privada (compra de terreno);;;;
250;21J;7146572;554727;Guairá;Villarrica;;Sinaí I;FONAVIS;28;;;CESARINA BARRETO DE ENCISO;Cesarina Barreto De Enciso. cesarinaenciso@hotmail.com;No corresponde;;Culminada;100%;No corresponde;;Propiedad de la SAS;;;;
251;21J;7146775;554573;Guairá;Villarrica;;Sinaí II;FONAVIS;28;;;CESARINA BARRETO DE ENCISO;Cesarina Barreto De Enciso. cesarinaenciso@hotmail.com;No corresponde;;En ejecución;S/D;No corresponde;;Propiedad privada (compra de terreno);;;;
252;21J;7182483;475959;Paraguarí;Pirayú;;Comisión Vecinal Pro-Vivienda Pirayu;FONAVIS;45;;;COTEP S.A.;Julio Cesar Roman. tareascotepsa@gmail.com ;No corresponde;;En ejecución;70%;No corresponde;;Propiedad de la Municipalidad;5/12/13;;;
253;21J;7239694;445421;Presidente Hayes;Benjamín Aceval;;Comité De Productores Agropecuarios 12 De Junio;FONAVIS;30;;;COTEP S.A.;Julio Cesar Roman. tareascotepsa@gmail.com ;No corresponde;;Culminada;100%;No corresponde;;Propiedad privada (compra de terreno);31/1/13;;;
254;21J;7336299;480597;San Pedro;Puerto Antequera;;Laguna Vera;FONAVIS;35;;;LIC. MARIA MERCEDES ENRIQUEZ;Lic.Maria Mercedes Enrriquez. 0971 423 949. sat_m.a@hotmail.com;No corresponde;;Culminada;100%;No corresponde;;Propiedad de la Municipalidad;26/7/13;;;
255;21K;7467841;194135;Boquerón;Mariscal Estigarribia;;Techo Y Agua Casuarina III;FONAVIS;71;;;CEDES/HABITAT;Arq. Emma Gill. cedeshab@gmail.com;No corresponde;;En ejecución;20%;No corresponde;;Terreno comunitario;12/5/14;;;
256;21K;7545395;387697;Alto Paraguay;Puerto Casado;;Machete Vaina Y Castilla;FONAVIS;2;;;CODES;Arq. Alfonso Olmedo. 0992 283 352 - (021) 301-015.;No corresponde;;Culminada;100%;No corresponde;;;;;;
257;21J;7281588;698344;Alto Paraná;Itakyry;;Santa Lucia;FONAVIS;100;;;FREDDY DIOSNEL ROLON;Freddy Diosnel Rolon. 0981 458 666. fredydiosnelrolon@hotmail.com;No corresponde;;Culminada;100%;No corresponde;;INDERT;9/7/14;;;
258;21J;7182832;550586;Caaguazú;Coronel Oviedo;;Asociación Multisectorial Yukyty (Amudic);FONAVIS;53;;;COEMPRO;Pedro Gamarra. (0521) 203 866. liliankarina1983@hotmail.com;No corresponde;;En ejecución;S/D;No corresponde;;Propiedad privada (compra de terreno);8/4/14;;;
259;21K;7430963;530494;Concepción;Horqueta;;Núcleo V;FONAVIS;20;;;HABITAT PARA LA HUMANIDAD - PARAGUAY;Mary Lechenuk. 0981 491 993. mlisnichuk@habitat.org.py;No corresponde;;En ejecución;S/D;No corresponde;;INDERT;6/5/14;;;
260;21J;7181289;724714;Alto Paraná;Minga Guazú;;Kaburei;FONAVIS;4;;;LIC. MARIA MERCEDES ENRIQUEZ;Lic.Maria Mercedes Enrriquez. sat_m.a@hotmail.com;No corresponde;;En ejecución;S/D;No corresponde;;Propiedad de los Beneficiarios;22/11/13;;;
261;21J;7183791;552369;Caaguazú;Coronel Oviedo;;Costa Azul;FONAVIS;19;;;LIC. MARIA MERCEDES ENRIQUEZ;Lic.Maria Mercedes Enrriquez. sat_m.a@hotmail.com;No corresponde;;En ejecución;20%;No corresponde;;Propiedad privada (compra de terreno);28/11/13;;;
262;21K;7407188;525664;Concepción;Azotey;;Comisión Vecinal Nueva Fortuna;FONAVIS;19;;;LIC. NILSA TORRES;Lic. Nilsa Magdalena Torres. 0981 616 590. Nilsacolman@hotmail.com;No corresponde;;En ejecución;70%;No corresponde;;INDERT;1/4/14;;;
263;21K;7409203;525211;Concepción;Azotey;;Kurusu De Hierro;FONAVIS;20;;;LIC. NILSA TORRES;Lic. Nilsa Magdalena Torres. 0981 616 590. Nilsacolman@hotmail.com;No corresponde;;En ejecución;60%;No corresponde;;INDERT;1/4/14;;;
264;21J;7193983;642380;Caaguazú;J. Eulogio Estigarribia;;Oga I Jaguary  I Etapa - Mbya Guaraní;FONAVIS;55;;;CEDES/HABITAT;Arq. Emma Gill. cedeshab@gmail.com;No corresponde;;En ejecución;S/D;No corresponde;;Terreno comunitario;;;;
265;21J;7194224;445125;Central;San Lorenzo;;Acción Comunitaria;FONAVIS;8;;;INGENIERIA Y PROYECTOS PARAGUAY - IPP;Ing. Manuel Lombardo. ma-lombardo@hotmail.com ;No corresponde;;En ejecución;72%;No corresponde;;Propiedad privada (compra de terreno);28/7/11;;;
266;21J;7183029;464317;Central;Itá;;Conjunto Habitacional Caraguataity;FONAVIS;10;;;ARQUIDEC S.R.L.;Faustino Correa. arqudec_srl@yahoo.com ;No corresponde;;En ejecución;10%;No corresponde;;Propiedad privada (compra de terreno);19/11/13;;;
267;21J;7179964;458566;Central;Itá;;Cooperativa Hugua Ñaro - II Fase;FONAVIS;5;;;ARQUIDEC S.R.L.;Faustino Correa. arqudec_srl@yahoo.com ;No corresponde;;En ejecución;45%;No corresponde;;Propiedad privada (compra de terreno);21/3/13;;;
268;21J;7193880;456102;Central;Capiatá;;Don Antonio - Etapa I;FONAVIS;30;;;CEDES/HABITAT;Arq. Emma Gill. cedeshab@gmail.com;No corresponde;;En ejecución;80%;No corresponde;;SENAVITAT;13/2/14;;;
269;21J;7189065;444419;Central;San Antonio;;Ita Poty;FONAVIS;41;;;CESARINA BARRETO DE ENCISO;Cesarina Barreto De Enciso. cesarinaenciso@hotmail.com;No corresponde;;En ejecución;40%;No corresponde;;Propiedad privada (compra de terreno);;;;
270;21J;6999793;391456;Ñeembucú;Desmochado;;Viviendas Barrio Cooperativo;FONAVIS;20;;;ARQ. OSVALDO GRANADA;;No corresponde;;En ejecución;20%;No corresponde;;;;;;
271;21J;7190191;444106;Central;San Antonio;;San Rafael II;FONAVIS;36;;;EMPRENDIMIENTOS INMOBILIARIOS;Cristhian Manuel Araujo. info@geo.com.py;No corresponde;;En ejecución;40%;No corresponde;;Propiedad privada (compra de terreno);26/7/14;;;
272;21J;7183637;557327;Caaguazú;Coronel Oviedo;;Villa Paraíso;FONAVIS;40;;;FREDDY DIOSNEL ROLON;Freddy Diosnel Rolon. fredydiosnelrolon@hotmail.com;No corresponde;;En ejecución;S/D;No corresponde;;Propiedad de la SAS;17/7/14;;;
273;21J;7182528;553461;Caaguazú;Coronel Oviedo;;San Jose;FONAVIS;24;;;COEMPRO;Pedro Gamarra. (0521) 203 866. liliankarina1983@hotmail.com;No corresponde;;En ejecución;S/D;No corresponde;;Propiedad privada (compra de terreno);6/5/14;;;
274;21J;7193146;466275;Central;Itauguá;;Tapy'i  Marangatu - Asentamiento Gaspar Rodríguez De Francia;FONAVIS;57;;;FUNDACION OJETYPEKA;Maria Lourdes Meaurio. fundacionjetypeka@hotmail.com;No corresponde;;En ejecución;45%;No corresponde;;Propiedad de la SAS;2/8/13;;;
275;21J;7200788;710618;Alto Paraná;Hernandarias;;Comunidad Indígena Akaraymi;FONAVIS;30;;;CODES;Arq. Alfonso Olmedo. (021) 301-015.;No corresponde;;En ejecución;S/D;No corresponde;;Terreno comunitario;;;;
276;21J;7186826;452486;Central;Capiatá;;Asentamiento Nueva Esperanza;FONAVIS;40;;;ARQ. REBECA ZELAYA GONZALEZ;Arq. Rebeca Zelaya. rebe_zegon@hotmail.com ;No corresponde;;En ejecución;50%;No corresponde;;Propiedad de la SAS;30/5/14;;;
277;21J;7217646;453691;Central;Limpio;;El Peñón;FONAVIS;24;;;ARQ. REBECA ZELAYA GONZALEZ;Arq. Rebeca Zelaya. rebe_zegon@hotmail.com ;No corresponde;;En ejecución;35%;No corresponde;;Propiedad de la SAS;21/4/14;;;
278;21J;7307868;622294;Canindeyú;Curuguaty;;Isla Jovai;FONAVIS;12;;;CODES;Arq. Alfonso Olmedo. (021) 301-015.;No corresponde;;En ejecución;S/D;No corresponde;;Terreno comunitario;;;;
279;21J;7183522;463264;Central;Itá;;Caaguazú II Etapa;FONAVIS;5;;;ARQUIDEC S.R.L.;Faustino Correa. arqudec_srl@yahoo.com ;No corresponde;;En ejecución;45%;No corresponde;;Propiedad privada (compra de terreno);21/2/13;;;
280;21J;7101726;564453;Caazapá;Caazapá;;San Rafael;FONAVIS;9;;;CESARINA BARRETO DE ENCISO;Cesarina Barreto De Enciso. cesarinaenciso@hotmail.com;No corresponde;;Culminada;100%;No corresponde;;Propiedad de la SAS;;;;
281;21J;7101726;564453;Caazapá;Caazapá;;San Rafael II Etapa;FONAVIS;23;;;CESARINA BARRETO DE ENCISO;Cesarina Barreto De Enciso. cesarinaenciso@hotmail.com;No corresponde;;En ejecución;40%;No corresponde;;Propiedad de la SAS;;;;
282;21J;7203102;450066;Central;Luque;;Mujeres Virtuosas;FONAVIS;19;;;CONTACONSULT;Lic. Jorge Andriotti. jorgeandriotti@yahoo.com ;No corresponde;;En ejecución;60%;No corresponde;;Propiedad de la SAS;10/5/14;;;
283;21J;7213992;447156;Central;Mariano Roque Alonso;;Comisión Vecinal Fomento Remansito Del Barrio Universo;FONAVIS;30;;;CEDES/HABITAT;Arq. Emma Gill. cedeshab@gmail.com;No corresponde;;En ejecución;10%;No corresponde;;Propiedad de la SAS;2/7/14;;;
284;21J;7172100;734901;Alto Paraná;Presidente Franco;;San Cayetano Km7 Monday;FONAVIS;10;;;LIC. MARIA MERCEDES ENRIQUEZ;Lic.Maria Mercedes Enrriquez. sat_m.a@hotmail.com;No corresponde;;Culminada;100%;No corresponde;;Municipal;20/6/12;;;
285;21J;7191715;734759;Alto Paraná;Hernandarias;;Virgen De Fátima;FONAVIS;30;;;CESARINA BARRETO DE ENCISO;Cesarina Barreto De Enciso. cesarinaenciso@hotmail.com;No corresponde;;Culminada;100%;No corresponde;;Propiedad Privada;9/7/12;;;
286;20K;7507318;748224;Boquerón;Mariscal Estigarribia;;Paraíso (Nivacle);FONAVIS;40;;;HABITAT PARA LA HUMANIDAD - PARAGUAY;Mary Lechenuk. mlisnichuk@habitat.org.py;No corresponde;;Culminada;100%;No corresponde;;Propiedad de los Beneficiarios;;;;
287;21K;7467841;194135;Boquerón;Mariscal Estigarribia;;Casuarina I (Nivacle);FONAVIS;46;;;CEDES/habitat;Arq. Emma Gill. cedeshab@gmail.com;No corresponde;;Culminada;100%;No corresponde;;Terreno comunitario;;;;
288;21J;7227960;641369;Caaguazú;Raúl Arsenio Oviedo;;Santa Teresa (Mbya Guaraní);FONAVIS;20;;;CEDES/habitat;Arq. Emma Gill. cedeshab@gmail.com;No corresponde;;Culminada;100%;No corresponde;;Terreno Comunitario;19/11/12;;;
289;21J;7185194;554799;Caaguazú;Coronel Oviedo;;Fortaleza I;FONAVIS;14;;;VERONICA OJEDA CASTELLI;Abog. Veronica Ojeda. vojedacastelli@gmail.com;No corresponde;;Culminada;100%;No corresponde;;Propiedad de la SAS;;;;
290;21J;7184345;558978;Caaguazú;Coronel Oviedo;;Sagrado Corazón De Jesús;FONAVIS;29;;;VERONICA OJEDA CASTELLI;Abog. Veronica Ojeda. vojedacastelli@gmail.com;No corresponde;;Culminada;100%;No corresponde;;Propiedad de la SAS;4/2/13;;;
291;21J;7183871;558307;Caaguazú;Coronel Oviedo;;Siempre Verde 2;FONAVIS;23;;;ACG CONSULTORA INTEGRAL;Abog. Federico Cabral. (021) 528 973;No corresponde;;Culminada;100%;No corresponde;;Propiedad de la SAS;9/1/13;;;
292;21J;7184778;557197;Caaguazú;Coronel Oviedo;;6 De Enero Poty;FONAVIS;10;;;ACG CONSULTORA INTEGRAL;Abog. Federico Cabral. (021) 528 973;No corresponde;;Culminada;100%;No corresponde;;Propiedad de la SAS;20/11/12;;;
293;21J;7101950;564416;Caazapá;Caazapá;;Pbro. Adolfo Zaracho Cabral;FONAVIS;40;;;CESARINA BARRETO DE ENCISO;Cesarina Barreto De Enciso. cesarinaenciso@hotmail.com;No corresponde;;Culminada;100%;No corresponde;;Propiedad de la SAS;;;;
294;21J;7112131;607434;Caazapá;San Juan Nepomuceno;;8 De Diciembre;FONAVIS;45;;;LIC. MARIA MERCEDES ENRIQUEZ;Lic.Maria Mercedes Enrriquez. sat_m.a@hotmail.com;No corresponde;;Culminada;100%;No corresponde;;Municipal;8/8/12;;;
295;21J;7291814;631322;Canindeyú;Curuguaty;;Docentes Y Enfermeros;FONAVIS;18;;;ASOCIACION TEKOVERA;Arq. Ilse Coronel. adricoronel@gmail.com;No corresponde;;Culminada;100%;No corresponde;;Propiedad de la Municipalidad;;;;
296;21J;7189224;442995;Central;San Antonio;;La Merced;FONAVIS;18;;;LINA M. CORONEL;Lina Mercedes Coronel ;No corresponde;;En ejecución;S/D;No corresponde;;;26/2/13;;;
297;21J;7210420;451284;Central;Luque;;Hogar De Niños Ntra. Sra. De La Asunción - Mora Cue Luque;FONAVIS;20;;;DANIELA RECALDE;Arq. Daniela Recalde. drarquitectura@hotmail.com;No corresponde;;En ejecución;S/D;No corresponde;;Propiedad privada (compra de terreno);30/5/11;;;
298;21J;7191677;442873;Central;San Antonio;;Conjunto Habitacional Tres Fronteras;FONAVIS;24;;;CONSULTORA AREA;Lic. Silvia Gonzalez. (021) 588 115;No corresponde;;En ejecución;S/D;No corresponde;;Propiedad de la SAS;5/9/13;;;
299;21J;7217676;455419;Central;Limpio;;Santo Domingo;FONAVIS;20;;;CESARINA BARRETO DE ENCISO;Cesarina Barreto De Enciso. cesarinaenciso@hotmail.com;No corresponde;;Culminada;100%;No corresponde;;Propiedad de la SAS;;;;
300;21J;7189385;485035;Central;J. A. Saldívar;;Sind. De Empleados Y Trab. Del Mercado 4;FONAVIS;38;;;ARQ. LILIANA ROJAS;Arq. Liliana Rojas. lrvconstructora@hotmail.com;No corresponde;;En ejecución;S/D;No corresponde;;Propiedad privada (compra de terreno);15/11/12;;;
301;21J;7078150;723610;Itapúa;Carlos Antonio López;;Joaju Rekavo 2° Fase;FONAVIS;11;;;VERONICA OJEDA CASTELLI;Abog. Veronica Ojeda. vojedacastelli@gmail.com;No corresponde;;Culminada;100%;No corresponde;;Propiedad Privada;25/10/12;;;
302;21J;7112024;496981;Paraguarí;Ybycu'i;;Che Oro Cu'i;FONAVIS;38;;;CODEPA;Lic. Eusebio Veron. everonmar@gmail.com;No corresponde;;Culminada;100%;No corresponde;;Propiedad Privada;;;;
303;21J;7149097;474570;Paraguarí;Carapeguá;;Bicentenario;FONAVIS;40;;;CODEPA;Lic. Eusebio Veron. everonmar@gmail.com;No corresponde;;Culminada;100%;No corresponde;;Propiedad Privada;16/8/14;;;
304;21J;7212364;452031;Central;Limpio;;Comisión Vecinal El Bosque;FONAVIS;10;;;ARQ. CARLOS RIVAS;Arq. Carlos Rivas. crivas60@hotmail.com;No corresponde;;En ejecución;S/D;No corresponde;;Propiedad de la SAS;;;;
305;21J;7189607;557800;Caaguazú;Caaguazú;;San Jorge;FONAVIS;47;;;LIC. MARIA MERCEDES ENRIQUEZ;Lic.Maria Mercedes Enrriquez. sat_m.a@hotmail.com;No corresponde;;En ejecución;90%;No corresponde;;Propiedad Privada;1/8/13;;;
306;21J;7181289;724714;Alto Paraná;Minga Guazú;;Kaburei;FONAVIS;1;;;LIC. MARIA MERCEDES ENRIQUEZ;Lic.Maria Mercedes Enrriquez. sat_m.a@hotmail.com;No corresponde;;En ejecución;S/D;No corresponde;;Propiedad de los Beneficiarios;22/11/13;;;
307;21J;7193146;466275;Central;Itauguá;;Tapy'i Marangatu - Asentamiento Gaspar Rodríguez De Francia;FONAVIS;3;;;FUNDACION OJETYPEKA;Maria Lourdes Meaurio. fundacionjetypeka@hotmail.com;No corresponde;;En ejecución;45%;No corresponde;;Propiedad de la SAS;2/8/13;;;
308;21J;7205622;455305;Central;Luque;;Comisión Vecinal De Fomento Oñondivepa;FONAVIS;19;;;DINAMICA EMPRENDIMIENTOS;Osmar Vera. (0521) 201 991;No corresponde;;En ejecución;S/D;No corresponde;;Propiedad privada (compra de terreno);;;;
309;21J;7189906;450678;Central;Capiatá;;Comisión Fomento Urbano Las Palmas II Barrio Ntra. Señora De La Asunción Cñia. 6°;FONAVIS;38;;;SRA. DIANA RAQUEL ARECO VERA;Diana Raquel Areco. ;No corresponde;;En ejecución;S/D;No corresponde;;Propiedad Privada;30/4/14;;;
310;21J;7291814;631322;Canindeyú;Curuguaty;;Docentes Y Enfermeros - Curuguaty Etapa II;FONAVIS;1;;;ASOCIACION TEKOVERA;Arq. Ilse Coronel. adricoronel@gmail.com;No corresponde;;Culminada;100%;No corresponde;;Propiedad de la Municipalidad;;;;
311;21J;7187740;557308;Caaguazú;Coronel Oviedo;;Asociación De La Cooperativa Coronel Oviedo;FONAVIS;16;;;RIGOBERTO GONZALEZ GIMENEZ;Rigoberto Gonzalez Gimenez. Rigoberto.consul@gmail.com;No corresponde;;En ejecución;S/D;No corresponde;;Propiedad Privada;;;;
312;21J;7190829;443101;Central;San Antonio;;Andrea Flor;FONAVIS;24;;;ING. CESAR RECALDE;Ing. Cesar Recalde. ryrconstrucciones@hotmail.com;No corresponde;;Paralizado;90%;No corresponde;;Propiedad de la SAS;4/12/12;;;
313;21J;7193095;449784;Central;San Lorenzo;Reducto;Ayelen Milagros;FONAVIS;22;;;INGENIERIA Y PROYECTOS PARAGUAY - IPP;Ing. Manuel Lombardo. ma-lombardo@hotmail.com ;No corresponde;;Paralizado;45%;No corresponde;;Propiedad privada (compra de terreno);5/8/11;;;
314;21J;7216042;453668;Central;Limpio;;Pojoayu;FONAVIS;10;;;LIC. CAMILO RECALDE;Lic. Camilo Recalde. ;No corresponde;;Paralizado;80%;No corresponde;;Propiedad de la SAS;16/1/13;;;
315;21J;7183207;452021;Central;Ypané;;Porvenir II;FONAVIS;29;;;LIC. CAMILO RECALDE;Lic. Camilo Recalde. ;No corresponde;;Paralizado;95%;No corresponde;;Propiedad de la SAS;25/2/13;;;
316;21J;7183207;452021;Central;Ypané;;Porvenir II - Etapa II;FONAVIS;28;;;LIC. CAMILO RECALDE;Lic. Camilo Recalde. ;No corresponde;;Paralizado;95%;No corresponde;;Propiedad de la SAS;25/2/13;;;
317;21J;7211829;454780;Central;Luque;;Asentamiento San Martin;FONAVIS;25;;;LIC. CAMILO RECALDE;Lic. Camilo Recalde. ;No corresponde;;Paralizado;80%;No corresponde;;Propiedad de la SAS;16/1/13;;;
318;21J;7186826;452486;Central;Capiatá;;Nueva Esperanza - Etapa III;FONAVIS;15;;;LIC. CAMILO RECALDE;Lic. Camilo Recalde. ;No corresponde;;Paralizado;90%;No corresponde;;Propiedad de la SAS;15/1/13;;;
319;21J;7191612;456496;Central;Capiatá;;Tierra Prometida - II Fase;FONAVIS;35;;;LIC. CAMILO RECALDE;Lic. Camilo Recalde. ;No corresponde;;Paralizado;5%;No corresponde;;Propiedad de la SAS;25/2/13;;;
320;21J;7191612;456496;Central;Capiatá;;Tierra Prometida - I Fase;FONAVIS;35;;;LIC. CAMILO RECALDE;Lic. Camilo Recalde. ;No corresponde;;Paralizado;5%;No corresponde;;Propiedad de la SAS;25/2/13;;;
321;21J;7186826;452486;Central;Capiatá;;Nueva Esperanza - Etapa I;FONAVIS;30;;;LIC. CAMILO RECALDE;Lic. Camilo Recalde. ;No corresponde;;Paralizado;S/D;No corresponde;;Propiedad de la SAS;15/1/13;;;
322;21J;7186826;452486;Central;Capiatá;;Nueva Esperanza - Etapa II;FONAVIS;30;;;LIC. CAMILO RECALDE;Lic. Camilo Recalde. ;No corresponde;;Paralizado;S/D;No corresponde;;Propiedad de la SAS;15/1/13;;;
323;21J;7167907;451428;Central;Nueva Italia;;San Expedito;FONAVIS;20;;;LIC. CAMILO RECALDE;Lic. Camilo Recalde. ;No corresponde;;Paralizado;10%;No corresponde;;Propiedad de la SAS;16/1/13;;;
324;21J;7188730;570172;Cordillera;Santa Elena;;Comisión Vecinal Santa Elena Proyecto Senavitat - Fonavis;FONAVIS;39;;;FUNDACION OJETYPEKA;Maria Lourdes Meaurio. 0982 514 810. fundacionjetypeka@hotmail.com;No corresponde;;Culminada;100%;No corresponde;;Propiedad Privada;5/9/14;;;
325;21J;7129657;628931;Caazapá;Abaí;;Comunidad Indígena Ypetimi Perteneciente Al Pueblo Ache;FONAVIS;94;;;CODES;Arq. Alfonso Olmedo. 0992 283 352 - (021) 301-015.;No corresponde;;En ejecución;45%;No corresponde;;Terreno comunitario;;;;
326;21J;6995381;576264;Itapúa;Coronel Bogado;;Comisión Vecinal Asentamiento Buena Vista;FONAVIS;15;;;ARQUIDEC S.R.L.;Faustino Correa. 0982 279 400. arqudec_srl@yahoo.com ;No corresponde;;En ejecución;S/D;No corresponde;;Propiedad de la SAS;;;;
327;21J;7221281;453189;Central;Limpio;;Divino Niño Jesús - Etapa I;FONAVIS;32;;;LIC. CAMILO RECALDE;Lic. Camilo Recalde. ;No corresponde;;Paralizado;5%;No corresponde;;Propiedad privada (compra de terreno);27/2/13;;;
328;21J;7221281;453189;Central;Limpio;;Divino Niño Jesús - Etapa II;FONAVIS;32;;;LIC. CAMILO RECALDE;Lic. Camilo Recalde. ;No corresponde;;Paralizado;5%;No corresponde;;Propiedad privada (compra de terreno);27/2/13;;;
329;21J;7193095;449784;Central;San Lorenzo;;Comisión Vecinal Los Gansos Ayelen Milagros;FONAVIS;20;;;FUNDACION OJETYPEKA;Maria Lourdes Meaurio. fundacionjetypeka@hotmail.com;No corresponde;;Paralizado;45%;No corresponde;;Propiedad de la SAS;14/7/14;;;
330;21J;7194745;441576;Central;Villa Elisa;;Acosta Ñu II Fase;FONAVIS;5;;;C CONSULTORES;Juan Corbalan, Maria Villanueva. corvalan@cconsultores.com.py;No corresponde;;En ejecución;95%;No corresponde;;Propiedad de la Municipalidad;;;;
331;21J;7209051;447117;Central;Mariano Roque Alonso;;La Amistad;FONAVIS;10;;;C CONSULTORES;Juan Corbalan, Maria Villanueva. corvalan@cconsultores.com.py;No corresponde;;En ejecución;100%;No corresponde;;Propiedad de la Municipalidad;;;;
332;21J;7178623;442651;Central;Villeta;;Comisión Vecinal Juan Pablo;FONAVIS;13;;;C CONSULTORES;Juan Corbalan, Maria Villanueva. corvalan@cconsultores.com.py;No corresponde;;En ejecución;100%;No corresponde;;Propiedad de la Municipalidad;;;;
333;21J;7174908;461360;Central;Itá;;Compañía Curupicaity;FONAVIS;15;;;ARQUIDEC S.R.L.;Faustino Correa. arqudec_srl@yahoo.com ;No corresponde;;En ejecución;60%;No corresponde;;Propiedad privada (compra de terreno);6/2/13;;;
334;21J;7197933;451844;Central;San Lorenzo;;San Ramón II;FONAVIS;8;;;INGENIERIA Y PROYECTOS PARAGUAY - IPP;Ing. Manuel Lombardo. ma-lombardo@hotmail.com ;No corresponde;;En ejecución;100%;No corresponde;;Propiedad privada (compra de terreno);;;;
335;21J;7194745;441576;Central;Villa Elisa;;Acosta Ñu;FONAVIS;8;;;C CONSULTORES;Juan Corbalan, Maria Villanueva. corvalan@cconsultores.com.py;No corresponde;;En ejecución;95%;No corresponde;;Propiedad de la Municipalidad;20.712.397;;;
336;21J;7193113;449569;Central;San Lorenzo;;Fenahmera- Los Gansos;FONAVIS;10;;;ARQ. CARLOS RIVAS;Arq. Carlos Rivas. crivas60@hotmail.com;No corresponde;;Culminada;100%;No corresponde;;Propiedad privada (compra de terreno);21/12/11;;;
337;21J;7195539;446962;Central;Ñemby;;San Miguel II Etapa;FONAVIS;18;;;C CONSULTORES;Juan Corbalan, Maria Villanueva. corvalan@cconsultores.com.py;No corresponde;;Culminada;100%;No corresponde;;Propiedad de la Municipalidad;;;;
338;21J;7212505;450805;Central;Limpio;;Espíritu Santo;FONAVIS;30;;;ARQ. REBECA ZELAYA GONZALEZ;Arq. Rebeca Zelaya. rebe_zegon@hotmail.com ;No corresponde;;Culminada;100%;No corresponde;;Propiedad de la SAS;24/6/13;;;
339;21J;7179881;458412;Central;Itá;;Cooperativa Hugua Ñaro - I Fase;FONAVIS;20;;;ARQUIDEC S.R.L.;Faustino Correa. arqudec_srl@yahoo.com ;No corresponde;;En ejecución;90%;No corresponde;;Propiedad privada (compra de terreno);27/9/12;;;
340;21J;7186659;456455;Central;J. A. Saldívar;;El Portal I - Etapa I;FONAVIS;40;;;ASOCIACION TEKOVERA;Arq. Ilse Coronel. adricoronel@gmail.com;No corresponde;;Culminada;100%;No corresponde;;;;;;
341;21J;7192070;442585;Central;San Antonio;;12 De Junio;FONAVIS;11;;;CEDES/HABITAT;Arq. Emma Gill. cedeshab@gmail.com;No corresponde;;Culminada;100%;No corresponde;;Propiedad de la SAS;10/12/13;;;
342;21J;7212223;452092;Central;Limpio;;El Bosque Restaurador II - 1ra. Etapa;FONAVIS;25;;;CONSULTORA NOESIS;Fernando Javier Diaz. javier@sgpsa.com;No corresponde;;En ejecución;85%;No corresponde;;Propiedad de la SAS;31/7/13;;;
343;21J;7212223;452092;Central;Limpio;;El Bosque Restaurador II - 2da. Etapa;FONAVIS;25;;;CONSULTORA NOESIS;Fernando Javier Diaz. javier@sgpsa.com;No corresponde;;En ejecución;85%;No corresponde;;Propiedad de la SAS;31/7/13;;;
344;21J;7217646;453691;Central;Limpio;;Asentamiento Divino Niño Jesús II;FONAVIS;20;;;ARQ. REBECA ZELAYA GONZALEZ;Arq. Rebeca Zelaya. rebe_zegon@hotmail.com ;No corresponde;;Culminada;100%;No corresponde;;Propiedad de la SAS;6/5/14;;;
345;21J;7183545;463503;Central;Itá;;Caaguazú' I;FONAVIS;20;;;ARQUIDEC S.R.L.;Faustino Correa. arqudec_srl@yahoo.com ;No corresponde;;Culminada;100%;No corresponde;;Propiedad privada (compra de terreno);13/11/12;;;
346;21J;7186396;450339;Central;Ypané;;Maria Auxiliadora;FONAVIS;20;;;ASOCIACION TEKOVERA;Arq. Ilse Coronel. adricoronel@gmail.com;No corresponde;;Culminada;100%;No corresponde;;Propiedad privada (compra de terreno);;;;
347;21J;7186396;450339;Central;Ypané;;Maria Auxiliadora 2° Fase;FONAVIS;29;;;ASOCIACION TEKOVERA;Arq. Ilse Coronel. adricoronel@gmail.com;No corresponde;;Culminada;100%;No corresponde;;Propiedad privada (compra de terreno);;;;
348;21K;7502186;631393;Amambay;Pedro Juan Caballero;;Comisión Vecinal Ñande Rogara;FONAVIS;38;;;ITAPUA S.R.L.;ing. Justo Medina,Ing. Maria De Medina. jmedinacardozo@gmail.com;No corresponde;;En ejecución;S/D;No corresponde;;Propiedad privada (compra de terreno);;;;
349;21J;7333031;647263;Canindeyú;Ygatymi;;Comunidad Indígena Mboi Jagua;FONAVIS;23;;;LIC. MARIA MERCEDES ENRIQUEZ;Lic.Maria Mercedes Enrriquez. sat_m.a@hotmail.com;No corresponde;;En ejecución;S/D;No corresponde;;Propiedad Comunitaria;26/8/14;;;
350;21J;7234985;618904;Caaguazú;Vaquería;;12 De Octubre;FONAVIS;10;;;VERONICA OJEDA CASTELLI;Abog. Veronica Ojeda. vojedacastelli@gmail.com;No corresponde;;En ejecución;100%;No corresponde;;INDERT;23/8/11;;;
351;21J;7185867;557505;Caaguazú;Coronel Oviedo;;La Gloria I;FONAVIS;30;;;RIGOBERTO GONZALEZ GIMENEZ;Rigoberto Gonzalez Gimenez. Rigoberto.consul@gmail.com;No corresponde;;Culminada;100%;No corresponde;;Propiedad de la SAS;6/2/13;;;
352;21J;7200246;445367;Central;Fernando de la Mora;;3 de Febrero;FONAVIS;9;;;C CONSULTORES;Juan Corbalan, Maria Villanueva. corvalan@cconsultores.com.py;No corresponde;;Culminada;100%;No corresponde;;Propiedad de la Municipalidad;;;;
353;21J;7051236;486718;Misiones;San Juan Bautista;;Vivienda Municipal;FONAVIS;28;;;COTEP S.A.;Julio Cesar Roman. tareascotepsa@gmail.com ;No corresponde;;Culminada;100%;No corresponde;;Propiedad de la Municipalidad;;;;
355;21J;6975931;435407;Ñeembucú;Cerrito;;Convenio EBY - SENAVITAT;Yacyreta;120;En proceso para licitación;;No corresponde;;No corresponde;;En licitación;En proceso para licitación;En proceso para licitación;En proceso para licitación;Municipal;;;;
356;21J;6991048;363747;Ñeembucú;General Díaz;;Convenio EBY - SENAVITAT;Yacyreta;50;En proceso para licitación;;No corresponde;;No corresponde;;En licitación;En proceso para licitación;En proceso para licitación;En proceso para licitación;Municipal;;;;
357;21J;7025871;404138;Ñeembucú;Guazú-Cua;;Convenio EBY - SENAVITAT;Yacyreta;30;En proceso para licitación;;No corresponde;;No corresponde;;En licitación;En proceso para licitación;En proceso para licitación;En proceso para licitación;Municipal;;;;
358;21J;6987401;380108;Ñeembucú;Mayor de Jesús Martínez;;Convenio EBY - SENAVITAT;Yacyreta;30;En proceso para licitación;;No corresponde;;No corresponde;;En licitación;En proceso para licitación;En proceso para licitación;En proceso para licitación;Municipal;;;;
359;21J;6985198;346049;Ñeembucú;Paso de Patria;;Convenio EBY - SENAVITAT;Yacyreta;30;En proceso para licitación;;No corresponde;;No corresponde;;En licitación;En proceso para licitación;En proceso para licitación;En proceso para licitación;Municipal;;;;
360;21J;7088605;385420;Ñeembucú;Villa Franca;;Convenio EBY - SENAVITAT;Yacyreta;30;En proceso para licitación;;No corresponde;;No corresponde;;En licitación;En proceso para licitación;En proceso para licitación;En proceso para licitación;Municipal;;;;
361;21J;7121442;415353;Ñeembucú;Villa Oliva;;Convenio EBY - SENAVITAT;Yacyreta;30;En proceso para licitación;;No corresponde;;No corresponde;;En licitación;En proceso para licitación;En proceso para licitación;En proceso para licitación;Municipal;;;;
362;21J;7049691;410381;Ñeembucú;San Juan del Ñeembucú;;Convenio EBY - SENAVITAT;Yacyreta;35;En proceso para licitación;;No corresponde;;No corresponde;;En licitación;En proceso para licitación;En proceso para licitación;En proceso para licitación;Municipal;;;;Coordenada corresponde al centro del distrito. La localización de las obras aún no se tienen definidas.
363;21J;7014896;373782;Ñeembucú;Isla Umbú;;Convenio EBY - SENAVITAT;Yacyreta;50;En proceso para licitación;;No corresponde;;No corresponde;;En licitación;En proceso para licitación;En proceso para licitación;En proceso para licitación;Municipal;;;;Coordenada corresponde al centro del distrito. La localización de las obras aún no se tienen definidas.
364;21J;6970259;514311;Misiones;Ayolas;;Convenio EBY - SENAVITAT;Yacyreta;100;En proceso licitatorio;;No corresponde;;No corresponde;;En licitación;En licitación;LPN N° 595;En licitación;Municipal;;;;
365;21J;7327788;543202;San Pedro;Choré;;Convenio EBY - SENAVITAT;Yacyreta;120;En proceso licitatorio;;No corresponde;;No corresponde;;En licitación;En licitación;LPN N° 595;En licitación;Municipal;;;;
366;21J;7287553;561342;San Pedro;Guayaibí;;Convenio EBY - SENAVITAT;Yacyreta;60;En proceso licitatorio;;No corresponde;;No corresponde;;En licitación;En licitación;LPN N° 595;En licitación;Municipal;;;;
367;21J;7286278;517065;Cordillera;Itacurubí del Rosario;;Convenio EBY - SENAVITAT;Yacyreta;42;En proceso licitatorio;;No corresponde;;No corresponde;;En licitación;En licitación;LPN N° 595;En licitación;Municipal;;;;
368;21J;7166231;572181;Guairá;Mauricio José Troche;;Convenio EBY - SENAVITAT;Yacyreta;150;En proceso licitatorio;;No corresponde;;No corresponde;;En licitación;En licitación;LPN N° 595;En licitación;Municipal;;;;
369;21J;7187481;675498;Alto Paraná;Juan León Mallorquín;;Convenio EBY - SENAVITAT;Yacyreta;102;En proceso licitatorio;;No corresponde;;No corresponde;;En licitación;En licitación;LPN N° 595;En licitación;Municipal;;;;
370;21J;7221349;464185;Cordillera;Emboscada;;Convenio EBY - SENAVITAT;Yacyreta;200;En proceso licitatorio;;No corresponde;;No corresponde;;En licitación;En licitación;LPN N° 595;En licitación;Municipal;;;;Coordenada corresponde al centro del distrito. La localización de las obras aún no se tienen definidas.
371;21K;7499985;209415;Boquerón;Loma Plata;;Convenio EBY - SENAVITAT;Yacyreta;100;En proceso licitatorio;;No corresponde;;No corresponde;;En licitación;En licitación;LPN N° 595;En licitación;Municipal;;;;
372;21J;7331550;595661;Canindeyú;Curuguaty;Maracaná;Convenio ITAIPÚ - SENAVITAT;Itaipú;142;En proceso para licitación;;No corresponde;;No corresponde;;En licitación;En proceso para licitación;En proceso para licitación;En proceso para licitación;;;;;
373;21J;7292845;632076;Canindeyú;Curuguaty;Las Mercedes ext. Tava Jopoi;Convenio ITAIPÚ - SENAVITAT;Itaipú;56;En proceso para licitación;;No corresponde;;No corresponde;;En licitación;En proceso para licitación;En proceso para licitación;En proceso para licitación;;;;;Coordenada corresponde al centro del distrito. La localización de las obras aún no se tienen definidas.
374;21J;7331297;606754;Canindeyú;Curuguaty;Huber Duré;Convenio ITAIPÚ - SENAVITAT;Itaipú;149;En proceso para licitación;;No corresponde;;No corresponde;;En licitación;En proceso para licitación;En proceso para licitación;En proceso para licitación;;;;;
375;21J;7315930;592628;Canindeyú;Curuguaty;Suizo Cué;Convenio ITAIPÚ - SENAVITAT;Itaipú;69;En proceso para licitación;;No corresponde;;No corresponde;;En licitación;En proceso para licitación;En proceso para licitación;En proceso para licitación;;;;;
376;21J;7287432;613458;Canindeyú;Yasy Kañy;8 de Diciembre;Convenio ITAIPÚ - SENAVITAT;Itaipú;73;En proceso para licitación;;No corresponde;;No corresponde;;En licitación;En proceso para licitación;En proceso para licitación;En proceso para licitación;;;;;Coordenada corresponde al centro del distrito. La localización de las obras aún no se tienen definidas.
377;21J;7309339;698221;Canindeyú;Ybyrarovana;Santa Ana;Convenio ITAIPÚ - SENAVITAT;Itaipú;30;En proceso para licitación;;No corresponde;;No corresponde;;En licitación;En proceso para licitación;En proceso para licitación;En proceso para licitación;;;;;Coordenada corresponde al centro del distrito. La localización de las obras aún no se tienen definidas.
379;21J;7175693;739529;Alto Paraná;Ciudad del Este;;Convenio ITAIPÚ - SENAVITAT;Itaipú;259;En proceso para licitación;;No corresponde;;No corresponde;;En licitación;En proceso para licitación;En proceso para licitación;En proceso para licitación;;;;;Coordenada corresponde a la Capital del Departamento. La localización de las obras aún no se tienen definidas.
378;21J;7192564;466469;Central;Itauguá;Las Colinas;Convenio ITAIPÚ - SENAVITAT - SAS - SEN;Itaipú;222;;;;;;;En ejecución;;;;Propiedad de la SAS;;;;Coordenada corresponde al centro del distrito.
380;21J;6982571;605157;Itapúa;Encarnación;Barrio Santo Domingo;Convenio EBY - SENAVITAT;Yacyreta;105;Constructora Ing. Hugo Daniel Patiño;;No corresponde;;No corresponde;;En ejecución;;LPN N° 553;;SENAVITAT;;;;